"baseMean","log2FoldChange","lfcSE","stat","pvalue","padj"
2.34369533961399,2.19209921913246,1.82587695691333,1.20057335234584,0.229916742980152,0.98778919566147
4.68259799029225,1.68551662545654,1.31709571634905,1.27972219826874,0.200642854721479,0.98778919566147
2.91225830692968,1.71036829402274,1.57077185840693,1.08887123541759,0.276210672492946,0.98778919566147
5.00826430327979,2.04513541907139,1.24931077312482,1.63701095281203,0.101628181032521,0.98778919566147
3.17589038481029,3.28749679152545,1.61636878881087,2.03387792085741,0.0419639056050899,0.98778919566147
3.74272214344734,3.55755842121415,1.61317830322603,2.20531010992384,0.0274323408930727,0.98778919566147
3.02291477044792,1.64943696263789,1.49094866878795,1.10630030206123,0.268596561103138,0.98778919566147
3.79372594619015,2.54339238911051,1.57242980092555,1.61749185090071,0.105772153314705,0.98778919566147
3.13173424845507,2.14695876421807,1.53350697820634,1.40003194946609,0.16150375125634,0.98778919566147
2.76637295816823,2.00300346927593,1.63513246758357,1.22497932674287,0.220583009795977,0.98778919566147
14.2980695930062,1.61198808046656,0.833384512478205,1.93426690360857,0.0530803202506885,0.98778919566147
3.82424293247546,2.41758498465662,1.33954715705579,1.80477781011478,0.0711094580864184,0.98778919566147
5.27399951470778,2.32901922062962,1.20305224437848,1.93592525304903,0.0528768563454358,0.98778919566147
7.62246141514728,1.88874489455422,0.937365563756951,2.01495016200953,0.0439098713021803,0.98778919566147
5.91423081648403,2.12056617471538,1.08898846953701,1.94728064991998,0.0515010972554999,0.98778919566147
2.41441106663585,2.22518253201422,1.85740620378053,1.19800532995159,0.230914942016026,0.98778919566147
6.25585697463537,2.5469891444087,1.08932103605048,2.33814372450131,0.0193797936512279,0.98778919566147
6.23071811128086,1.86673377649033,1.0564562144398,1.7669769470571,0.0772320891152123,0.98778919566147
4.18973480487425,1.53256413055013,1.34261582537557,1.14147628948246,0.253671773410696,0.98778919566147
6.91735096451957,2.13207341231634,1.17725161006289,1.81106009462365,0.0701315498113488,0.98778919566147
4.0659264084409,1.66398327467767,1.32911044567712,1.2519525973855,0.210587137293397,0.98778919566147
6.0798064919335,1.5736370205546,1.2503881988127,1.25851877204922,0.208204202607753,0.98778919566147
4.48891680718181,1.91359035318111,1.20187371548402,1.59217256233154,0.111345936449849,0.98778919566147
3.02720947144074,-1.86813254687075,1.5655508910502,-1.19327487694608,0.232761738282685,0.98778919566147
3.16738948804733,-2.07627944511752,1.4913774484005,-1.39218911171302,0.163865139063856,0.98778919566147
3.55100637944199,-1.56455167031202,1.57680200372332,-0.992230899388526,0.32108490261605,0.98778919566147
5.63417185215316,-1.84806115835857,1.15490687089403,-1.60018197564966,0.10955821949392,0.98778919566147
3.06982576505741,-1.58901977443178,1.64024553515596,-0.968769455775836,0.332660229482891,0.98778919566147
2.78764258244252,-1.65571137200881,1.5298967889097,-1.08223730124225,0.279147097795125,0.98778919566147
4.59382812462781,-1.64209459254463,1.22933202312575,-1.33576166703067,0.181627185973815,0.98778919566147
4.17591269816353,-2.33821850855528,1.36570526289922,-1.71209599323908,0.0868789796504763,0.98778919566147
5.39346640125035,-2.06411026995898,1.22347605614262,-1.68708677182185,0.0915866682461161,0.98778919566147
3.96525222303607,-1.95185239643432,1.34811365253116,-1.44783964821482,0.14766190145365,0.98778919566147
3.63865330875951,-2.13104619775017,1.42511922530285,-1.49534590503984,0.134824190494008,0.98778919566147
2.60751850334266,-2.02946585607606,1.78118520945991,-1.139390696317,0.254540234698942,0.98778919566147
3.23191448648071,-2.36476564740033,1.53072034574452,-1.54487111507631,0.122377441458536,0.98778919566147
3.77598847799575,-1.66406407204953,1.4195767206015,-1.1722255288495,0.241106521509448,0.98778919566147
3.0843187963539,-2.40232839774002,1.61727253140835,-1.4854196501118,0.137432693533983,0.98778919566147
3.76680327072336,-1.66678616412731,1.57828325425435,-1.056075428561,0.290933755290369,0.98778919566147
3.01993457768405,-1.70057910916986,1.71532213874567,-0.99140509572937,0.321487813022705,0.98778919566147
4.2886155673006,-1.59292932850824,1.5040391397185,-1.05910098111302,0.289553793206037,0.98778919566147
3.61375256142882,-2.15631820998837,1.52805506405805,-1.41115216375897,0.158199751706936,0.98778919566147
5.62717637479813,-1.50544129057298,1.04775732705902,-1.43682248903822,0.150768438567708,0.98778919566147
2.78424702391615,-2.94860968323085,1.83026967577878,-1.61102471523833,0.107174335663395,0.98778919566147
5.07862757317229,-2.01497871488889,1.39009014799894,-1.4495309658798,0.147189359087644,0.98778919566147
4.45190968656359,-1.56745927547856,1.19357755640105,-1.31324459568833,0.189100541191828,0.98778919566147
4.35591325725316,1.57109805410684,1.41412660723766,1.11100239969023,0.266567316387188,0.98778919566147
2.94558937512894,2.49744357760977,1.72399953746889,1.44863355432011,0.147439945434903,0.98778919566147
2.96028940977966,1.98439251736313,1.68387465190913,1.17846807368546,0.238610052991012,0.98778919566147
3.58766815311236,1.61286746268584,1.52509741806836,1.05755045125487,0.290260442146247,0.98778919566147
6.99553593225635,1.50109565305349,0.979732993873206,1.53214769987399,0.125485991156015,0.98778919566147
3.67280716085162,1.82339273790793,1.58190998240809,1.15265265292292,0.249052982416262,0.98778919566147
7.60695712962046,1.55893695998986,0.983953027599319,1.58436115979378,0.11311155527388,0.98778919566147
3.82543353800464,1.84606780848233,1.45271120403221,1.27077412451856,0.203809016585124,0.98778919566147
2.95086402042251,1.58601003279466,1.65281868460472,0.959578959003581,0.337267162927388,0.98778919566147
11.5363565576675,1.73124849243833,0.779546548307974,2.22084043114045,0.026361771060005,0.98778919566147
6.21522547712216,1.83999461053396,1.17337168829073,1.56812596459892,0.116851738106665,0.98778919566147
4.78255060646955,-2.02222716085599,1.18592350392825,-1.70519190669345,0.0881586389560618,0.98778919566147
5.52694704053579,-1.7606440095901,1.16683059269137,-1.5089114226334,0.131321420363441,0.98778919566147
5.97103788775488,-1.65049286334379,1.04352789751792,-1.58164709086318,0.113730157412464,0.98778919566147
7.48486324600203,-1.56224931399552,0.952485243455893,-1.64018217051556,0.100967295313289,0.98778919566147
5.99928392337568,-2.33382840387665,1.1852074123935,-1.9691307862845,0.0489380743660466,0.98778919566147
4.42975522254981,-1.5704520664477,1.26094691373867,-1.24545454637053,0.212964713609361,0.98778919566147
2.04811022703717,-1.76065995985568,1.92266237192468,-0.915740582207977,0.35980297441086,0.98778919566147
9.38834775321574,-1.61916532275998,0.90933971119896,-1.78059453779393,0.0749787127586411,0.98778919566147
3.2614601152591,-3.15476992250827,1.76083792730257,-1.79162992436281,0.0731922663860259,0.98778919566147
6.40299868160259,-1.92805214083669,1.15405656954253,-1.6706738575224,0.0947861152598035,0.98778919566147
5.78902036034662,-1.74648263434774,1.13194589775598,-1.5429029230196,0.12285433151252,0.98778919566147
9.92201466045737,-2.23035755684564,1.04108452716725,-2.14234050996259,0.0321660912548518,0.98778919566147
6.01067761063362,-1.84338023866986,1.0569946209064,-1.74398261089457,0.081162122071937,0.98778919566147
5.10972972484203,-1.78263334277703,1.401187552787,-1.27223035862067,0.203291284070974,0.98778919566147
5.72513100548422,-1.64630793374705,1.46200590204872,-1.12606107228436,0.260139669742892,0.98778919566147
4.87312049125052,-1.84167802279987,1.25291948182654,-1.46990931940416,0.141586315201335,0.98778919566147
3.1050923828212,-2.34454162820791,1.70140861926803,-1.378000323765,0.168203188181168,0.98778919566147
9.9616411432591,-1.83524714271553,0.941551791690387,-1.94917280059621,0.0512747920029505,0.98778919566147
5.10284525421858,-3.21201986037047,1.31747370773642,-2.43801439186906,0.0147681860301562,0.98778919566147
13.1583004313319,-2.42547299293166,0.834591416961524,-2.90618013034692,0.00365870760726571,0.98778919566147
2.99458209112432,-1.81264450294669,1.60860753171791,-1.12684074095493,0.259809821763511,0.98778919566147
5.97674444770289,-2.31615513873002,1.18475963392571,-1.95495784326769,0.0505880462973036,0.98778919566147
14.356567718661,-1.50647907271605,0.904597799608197,-1.6653578787927,0.0958413776186663,0.98778919566147
4.42459548610579,1.80093918531718,1.54670065624931,1.16437474700786,0.244272176881924,0.98778919566147
3.89899586562184,2.42928331358079,1.3735644683754,1.76859795773114,0.0769609918284611,0.98778919566147
6.7779857566063,2.15524943091446,1.06592923025904,2.02194420579939,0.0431821162137835,0.98778919566147
2.71394109740095,1.89212527877239,1.71913164901079,1.10062849454324,0.27105837873804,0.98778919566147
5.20320900558972,1.60851649059596,1.18235445746711,1.36043508817296,0.173692281155586,0.98778919566147
2.48646181666125,2.29355000645684,1.79841108802257,1.27532021000755,0.202195927273744,0.98778919566147
3.47385406203709,1.91989574636346,1.39263048916348,1.37861102518063,0.168014715408671,0.98778919566147
3.82270145059084,1.57794606235644,1.60263083134949,0.984597345495803,0.324821894087891,0.98778919566147
3.81266013039285,2.11958896261914,1.35303418971348,1.56654501322542,0.117221079208247,0.98778919566147
2.83007320168537,1.58813235013029,1.53782324554443,1.0327144909089,0.301737530086247,0.98778919566147
5.04694522926309,1.64112069765537,1.26176094591969,1.3006589742395,0.193375210925896,0.98778919566147
2.33183578359808,2.81951598289206,1.98991859313524,1.41690016497094,0.156512118284845,0.98778919566147
3.7449026746015,1.65865231984944,1.42202090782209,1.16640501607657,0.243450731433625,0.98778919566147
13.1668157172034,2.70101845355222,0.83184098446492,3.24703699865143,0.0011661322923838,0.98778919566147
3.58324240834046,2.35463856280129,1.59954789020702,1.47206506114458,0.141003309273483,0.98778919566147
8.39326919851846,1.61935152899762,0.922585637607191,1.75523166954729,0.079219688914812,0.98778919566147
4.88832862222576,2.25317010385635,1.44222407512691,1.56228851169198,0.118220037174818,0.98778919566147
5.67937024933141,2.51436968623213,1.19669848492635,2.1010887185897,0.0356331790256031,0.98778919566147
3.90639201146641,1.58373325428285,1.32745843319449,1.19305675769572,0.232847145298312,0.98778919566147
5.73507152236979,2.2723643130453,1.17208169291334,1.93874226240757,0.0525327297487357,0.98778919566147
6.58599331764524,2.48611563243932,1.15261313442103,2.15693848889561,0.0310104574999181,0.98778919566147
3.48882812103165,1.88589929970275,1.54699852904147,1.21906987259469,0.222817673548711,0.98778919566147
3.55618970783832,1.94399298022121,1.44663362382612,1.34380464286435,0.179011567754359,0.98778919566147
2.90457554523198,-2.25854369586959,1.5783099641121,-1.43098868234046,0.152433458788135,0.98778919566147
12.8552097664922,-1.51121031249463,0.807112424106429,-1.87236655930272,0.0611559081783704,0.98778919566147
6.07501870472506,-1.89989046889163,1.04984573673267,-1.80968536844706,0.0703445927976818,0.98778919566147
2.58237302013716,-1.73034371292709,1.75683581397806,-0.984920559542226,0.324663093645268,0.98778919566147
4.61688019047893,-3.66532567093789,1.46913070644985,-2.49489419480935,0.0125994692917985,0.98778919566147
7.00524286319521,-1.64705850821273,1.04820439186708,-1.571314259883,0.11610967053104,0.98778919566147
3.23447825888693,-1.71799494789575,1.44204965756405,-1.19135630238825,0.233513739731703,0.98778919566147
3.44233969310718,-3.23738532760732,1.65560448969537,-1.95540985045467,0.0505347143886219,0.98778919566147
9.24689429097818,-1.76334940514762,0.884910854616284,-1.99268592530967,0.0462958495383625,0.98778919566147
5.58733087635832,-2.25650875927993,1.21835633279648,-1.85209260914709,0.0640125256377233,0.98778919566147
3.43811396819034,-2.16214978245967,1.61800897600231,-1.33630271186863,0.181450350494221,0.98778919566147
1.79187459450958,-2.03784166346406,2.1212907577704,-0.960661171034349,0.336722560642364,0.98778919566147
9.97062922590398,-1.62688151900896,0.90934950476546,-1.7890607631975,0.073605030285975,0.98778919566147
4.1294614022717,-1.59673668844857,1.32013986005215,-1.20952085212054,0.226462804961588,0.98778919566147
5.79015068267055,-1.91569026148764,1.22053734169306,-1.56954662184304,0.116520625008187,0.98778919566147
4.73429884921045,-1.80302559793591,1.50249254128785,-1.20002299405125,0.230130410318421,0.98778919566147
4.03106468478488,-1.94992636546433,1.34055497196446,-1.45456650882947,0.14578930844949,0.98778919566147
3.76214085106362,-1.56302763276217,1.54234447564829,-1.01341020598215,0.310864266519712,0.98778919566147
6.25691008587806,-2.69748353785331,1.20496881389513,-2.23863348722987,0.0251797734953074,0.98778919566147
5.10062639799089,-2.01874879779264,1.17323606837753,-1.72066718046298,0.0853112351167397,0.98778919566147
3.54904445605241,-1.76798731315377,1.63462088412016,-1.0815885997354,0.279435372400637,0.98778919566147
3.04201119428038,1.7478037813337,1.61995689803388,1.07891992895304,0.280623423904248,0.98778919566147
4.21070260132509,1.71472573907292,1.41330294096262,1.21327543400214,0.225024531915003,0.98778919566147
2.77199477075577,2.47694315869753,1.75156239474096,1.41413355649477,0.157322692130394,0.98778919566147
2.82806960780897,2.41410279893069,1.73733127986382,1.38954661492074,0.164666596380666,0.98778919566147
5.48266033392508,2.03905163384173,1.10991157419765,1.83712980497185,0.0661907351330718,0.98778919566147
3.32051817417409,1.51711236242848,1.64465975163532,0.922447552401024,0.356295175615194,0.98778919566147
3.66519618305002,1.76967731488844,1.46499024491937,1.20797890704442,0.227055375840214,0.98778919566147
2.49804297959778,2.2164944950263,1.80764392390256,1.22617871015275,0.220131431129707,0.98778919566147
7.86427656677557,2.04531529302701,1.05556500849268,1.93764976725373,0.0526659663333434,0.98778919566147
6.24418714541348,1.7670243914404,1.09652713162013,1.61147347884553,0.107076563188347,0.98778919566147
3.40680131745086,2.79431547858371,1.52443677667025,1.83301500025944,0.0668003403794804,0.98778919566147
6.96178150790815,1.96787765778974,1.14343878807736,1.72101705688909,0.0852477287679051,0.98778919566147
2.61813684823642,1.79407680168806,1.77244321260611,1.01220551887253,0.311439797994553,0.98778919566147
5.23816714478125,1.69248494447406,1.39049787588291,1.2171790937828,0.223536082648833,0.98778919566147
3.05791790264374,2.09451241412669,1.70227363353795,1.23042052280016,0.218539672050369,0.98778919566147
3.8045432532395,1.72177854871538,1.43792258927894,1.19740698251272,0.231147963399094,0.98778919566147
3.02146796273029,1.764721763944,1.68248466325096,1.0488783657226,0.294234103806959,0.98778919566147
5.31999657454031,2.21960382846415,1.13042619006334,1.96351061924688,0.0495868717892791,0.98778919566147
5.37986333699501,1.70602896287092,1.1885743283001,1.4353574044552,0.151185277473633,0.98778919566147
3.75046097377141,3.40746320610132,1.58454552995406,2.15043565595752,0.0315207704946105,0.98778919566147
3.5589317762013,-2.09814297444191,1.51872710435701,-1.38151414327343,0.167120932209188,0.98778919566147
2.36077120932522,-1.80041358561716,1.83314060478315,-0.982147021848407,0.326027422913508,0.98778919566147
2.55622793406945,-2.8458343207219,1.87971537748934,-1.513970867506,0.130033228449444,0.98778919566147
1.9161240544214,-1.63530564944892,1.99729622827732,-0.818759694379126,0.412923531067441,0.98778919566147
4.98437741035415,-1.85917916525134,1.21224877892605,-1.53366140479714,0.125112973367424,0.98778919566147
3.86260467584446,-2.80669070835537,1.44624040325196,-1.94068061025287,0.0522970296768837,0.98778919566147
4.34331086296556,-2.61686733008355,1.41637692199223,-1.847578345461,0.064663364721228,0.98778919566147
2.45106543061628,-2.11564197490662,1.66340782520309,-1.27187208263152,0.203418572436281,0.98778919566147
6.56132026348751,-1.65709387537261,1.05096418939015,-1.57673676429849,0.114856107302138,0.98778919566147
3.51505027653432,-2.20309830359138,1.51499576682611,-1.4541943626726,0.14589242749472,0.98778919566147
8.88188617586693,-1.70173347795613,0.885659405030955,-1.92143104707012,0.0546773875466195,0.98778919566147
3.95472204653722,-2.45124294701637,1.40601278731519,-1.74340018037607,0.0812637368249442,0.98778919566147
4.13948786303804,-1.67710277832985,1.4328538379526,-1.17046326283095,0.241814589852739,0.98778919566147
4.19360616875949,-1.84864969010545,1.45082331348572,-1.27420732278138,0.202589950702549,0.98778919566147
3.37980190790583,-1.55647438106468,1.60917605193385,-0.967249282136755,0.33341943112911,0.98778919566147
3.06727703713732,-3.03277033140213,1.732711658299,-1.75030295252898,0.0800660517195876,0.98778919566147
7.08176594591756,-1.89813496399752,1.10964534831718,-1.71057803907899,0.0871590358795171,0.98778919566147
2.84580499460656,1.7310101278559,1.5854036592444,1.09184189008426,0.27490260303393,0.98778919566147
3.29031603799085,2.1585500699162,1.528653185735,1.41206003432252,0.157932285130852,0.98778919566147
3.36654179288617,2.77686167404699,1.50184040281767,1.84897254650841,0.0644617770085667,0.98778919566147
4.3432301550728,3.7163944333302,1.57862349975171,2.35419936033812,0.0185626525509381,0.98778919566147
7.77950293155025,2.38669915972131,1.02378076989524,2.33126000204665,0.0197396539434347,0.98778919566147
16.8501672027491,1.4424484280794,0.663212643739386,2.17494108668746,0.0296345314711638,0.98778919566147
5.54647236215629,1.72470492643438,1.12151089038627,1.53784055172248,0.124087605705094,0.98778919566147
6.20155210210365,2.1485463941355,1.11737737888299,1.92284758465697,0.0544991940620714,0.98778919566147
3.89405879431304,-2.17573485868701,1.3705470390753,-1.58749375005397,0.11240086137069,0.98778919566147
3.24783496345726,-2.59130459136984,1.6732431028094,-1.54867190966991,0.12146060981807,0.98778919566147
6.61611715230384,-1.95098825502517,1.03134995822663,-1.89168403941162,0.0585330911330774,0.98778919566147
4.68463370830404,-2.29321220279164,1.20661053573053,-1.90054050986984,0.0573622240544517,0.98778919566147
4.69962426587631,-2.54753696801021,1.32378630022758,-1.92443218937395,0.0543004328852145,0.98778919566147
4.81569116989229,-1.94239129290694,1.2145208586041,-1.5993066559099,0.109752481344779,0.98778919566147
3.79700540690661,-2.23967921503583,1.40402917466627,-1.59517996879815,0.110671996807669,0.98778919566147
3.06207542071497,-2.28456131138653,1.80797329066252,-1.26360346316254,0.206372389959033,0.98778919566147
5.15199163490636,-2.64219894244078,1.35471564320533,-1.95037161908693,0.0511318420285526,0.98778919566147
3.51589831551735,-1.81186086045828,1.48806186137128,-1.21759780792219,0.223376847859906,0.98778919566147
3.8809064306286,-1.95861803382583,1.44938769721696,-1.35134169938566,0.176586000110534,0.98778919566147
3.49977022284216,-2.18266757122268,1.49627265652232,-1.45873652218954,0.144637639810639,0.98778919566147
3.8946538578406,-2.32084039072036,1.33508490327444,-1.73834666621444,0.0821497482308509,0.98778919566147
2.99992987936802,-1.81330100754521,1.48587847481251,-1.22035619889709,0.222329874106072,0.98778919566147
5.82179737545598,-1.96399605849333,1.20164614763556,-1.63442129977932,0.102170418845292,0.98778919566147
2.57532525033836,2.04195078364313,1.78224337055918,1.14571938792089,0.251911279085729,0.98778919566147
3.73750925834641,1.62994639521579,1.39845684795925,1.16553213464853,0.243803660476399,0.98778919566147
2.55159011820286,2.95616900509667,1.76806829008527,1.67197671134869,0.0945289144709613,0.98778919566147
3.85599540209333,2.40127393084871,1.40764320366432,1.70588251667597,0.0880299555289595,0.98778919566147
6.51353718318155,1.67882203856187,1.17077080030116,1.43394594239113,0.15158768985784,0.98778919566147
4.02037987946065,1.54202028451636,1.5856302689556,0.972496750791745,0.330803480542242,0.98778919566147
5.70034066129282,1.50599523602053,1.25073638901804,1.20408684775126,0.228556012836843,0.98778919566147
2.61664363764826,1.82327204926325,1.73726619756315,1.04950643247462,0.29394509627275,0.98778919566147
2.77230142898191,2.17006399741397,1.82964529189815,1.18605721394373,0.235599705750477,0.98778919566147
3.03959528054633,2.11107080309826,1.65949083511623,1.27211959139889,0.203330631276733,0.98778919566147
8.51237122540149,1.60874837342638,0.999594221763789,1.60940143350143,0.107528592044869,0.98778919566147
3.78225820711376,2.90300962341426,1.62143733515723,1.79039273394599,0.0733907975911626,0.98778919566147
50.4712987317399,-1.5949005408926,0.446003680824419,-3.57598066891396,0.000348917435810416,0.511607223379167
6.50408309790834,1.59371658474737,0.978245234669274,1.62915854661553,0.103279459863616,0.98778919566147
3.53370596506014,1.78955335137761,1.41855922090834,1.26152882798344,0.207118380348842,0.98778919566147
7.6484576669253,1.65264369442769,1.00770688536361,1.64000436876182,0.101004258588933,0.98778919566147
6.53825978833711,1.58768161889969,1.09708407544741,1.44718317805516,0.147845626671561,0.98778919566147
3.54464893989071,2.39890329852277,1.44615615696469,1.65881346006076,0.0971533871967091,0.98778919566147
3.46954419024772,-2.10435648333067,1.36466844167182,-1.54202765966558,0.123066872302115,0.98778919566147
3.61805475529268,-1.54216685886566,1.36928468852297,-1.1262572873207,0.260056631390284,0.98778919566147
3.03460245692651,-1.5710777697066,1.51791538054312,-1.03502328907456,0.300658035089317,0.98778919566147
4.7489611513406,-1.66827898417339,1.14824626398168,-1.45289302173598,0.146253458771856,0.98778919566147
3.67853035026318,-1.67656879447255,1.43899254760564,-1.16509901129246,0.24397891704951,0.98778919566147
6.03514389839983,-1.90219305153393,1.14001855690897,-1.6685632352262,0.0952039700766449,0.98778919566147
3.85177177946076,-2.16291142546747,1.41824244618321,-1.52506465399362,0.127242972241035,0.98778919566147
3.93601755372319,-1.76440415875034,1.52275753024816,-1.15869015499979,0.246582505234357,0.98778919566147
2.95619273080124,-2.37297275361038,1.73339364853972,-1.3689751059198,0.171007056612922,0.98778919566147
4.97091226648303,-2.07156310262727,1.23044858094576,-1.68358364153259,0.0922621623474585,0.98778919566147
2.65554960619263,-1.64778040365105,1.72223615910887,-0.956767975713417,0.338684379476224,0.98778919566147
3.49500245363989,-1.81081333879405,1.43166906778886,-1.26482675328787,0.205933438824254,0.98778919566147
3.25223196498341,-1.6673205614677,1.63746518991949,-1.01823267555977,0.308567394431167,0.98778919566147
6.47338943109942,-2.02178826296926,1.04687567154546,-1.93125919144208,0.0534510072988569,0.98778919566147
4.01059666572526,-2.37349543291356,1.33928177630939,-1.77221513418491,0.0763588523217012,0.98778919566147
4.8784517809165,-1.68543750412891,1.25973790738756,-1.33792711503313,0.180920197129542,0.98778919566147
6.38764213954703,-1.69174556233794,1.03233767963653,-1.63875212123768,0.101264894244826,0.98778919566147
3.10304839395588,-1.97478266035796,1.55699276349015,-1.26833130292224,0.204679662872679,0.98778919566147
3.10157721135301,-2.31421072012464,1.73810311796722,-1.33145766565979,0.183038465867309,0.98778919566147
3.26047178107546,-1.57136692361091,1.66316456274183,-0.944805438266682,0.344758214959915,0.98778919566147
7.915488356422,-2.58200335135018,1.0414914520172,-2.47914022371403,0.013169951917014,0.98778919566147
3.36284082073374,-3.17776741952674,1.76631754069269,-1.799091808985,0.0720041591329305,0.98778919566147
3.54788484525946,-2.08279190515775,1.48080996542106,-1.40652207494128,0.159569154275796,0.98778919566147
4.83418986772884,-2.33294103864402,1.2298607499799,-1.89691478379333,0.0578391859385294,0.98778919566147
5.27288423686998,2.08791990625541,1.18043840536041,1.76876649961073,0.0769328495082876,0.98778919566147
3.27454112049125,2.73650017509158,1.67464647054824,1.63407633982336,0.1022428221826,0.98778919566147
3.59505556148583,1.91623313856576,1.48479006806821,1.29057513232081,0.196851043642259,0.98778919566147
2.51166813139963,1.75518963295966,1.65283356039772,1.0619276344663,0.288268538592495,0.98778919566147
2.22194142274204,2.09689669772486,1.88779670806927,1.11076403977283,0.266669928878533,0.98778919566147
3.95431132960232,1.89822162196252,1.48542585828051,1.27789725174156,0.201285657235271,0.98778919566147
2.75439549547771,1.81290170567147,1.57757921868645,1.14916682737553,0.25048719660962,0.98778919566147
3.25494098092628,1.78171352188295,1.594918583603,1.11711879226962,0.263943536475669,0.98778919566147
3.7500347697246,2.45415035440322,1.45055169994332,1.69187375706713,0.090670046640708,0.98778919566147
4.18754416571353,1.61211847125036,1.47717471954764,1.09135260028282,0.275117760751936,0.98778919566147
5.45865117744575,2.15563551401213,1.18659103430575,1.81666256670594,0.0692687968438791,0.98778919566147
2.49353644484804,2.19895112034957,1.80024128585862,1.22147577528797,0.221905932205232,0.98778919566147
6.22694705319264,1.76133201820038,1.14772118704141,1.5346340540604,0.1248737428439,0.98778919566147
10.8075951095484,3.14864645557916,0.982685518846644,3.20412420371744,0.00135474019470207,0.98778919566147
17.9217583258559,2.21539589208054,0.696552510386007,3.18051526489057,0.00147013393671999,0.98778919566147
17.7911925333391,1.47467470322139,0.675622682199752,2.18268974987638,0.0290586652814595,0.98778919566147
4.76929290857845,2.28667718709384,1.25185385308491,1.82663270273829,0.0677550129214398,0.98778919566147
7.63028902583563,3.15977526266939,1.03983897422647,3.03871593678237,0.00237588764987039,0.98778919566147
3.7402518364563,1.93122446983211,1.32531047430713,1.45718645349253,0.145064918914886,0.98778919566147
19.224397235978,1.76447990054982,0.634922518938227,2.77904759702103,0.00545185360089311,0.98778919566147
2.45917712595028,2.26558451646949,1.82283092562278,1.24289339434783,0.213907120201548,0.98778919566147
4.92370858101764,-1.61137758946594,1.27203914722168,-1.26676729484736,0.205238509564221,0.98778919566147
3.58699857572417,-1.62937514604261,1.56170987568567,-1.04332768295214,0.296796554087559,0.98778919566147
3.3279748714595,-2.5909166412064,1.51389165545516,-1.71142804828225,0.0870021230893421,0.98778919566147
3.35673796103173,-2.03119332259467,1.61045260586497,-1.2612561929469,0.207216558839447,0.98778919566147
5.18359131285189,-1.97878613588755,1.2736213510463,-1.55366909816795,0.120263367794169,0.98778919566147
2.18525489149689,-1.85521577906085,1.89058946553922,-0.981289599289988,0.326449950226005,0.98778919566147
2.57454618743131,-1.96508372022747,1.66569074446312,-1.17974103341784,0.238103228452606,0.98778919566147
12.1485221072349,-1.50841412538219,0.923177127430843,-1.63393793082811,0.102271884198477,0.98778919566147
4.46861597755905,-1.63608538760587,1.35268762914266,-1.20950717102575,0.226468057762875,0.98778919566147
4.75412583264126,-1.54111847291334,1.33253473276053,-1.15653155975957,0.247463798282748,0.98778919566147
4.07209910190307,-1.68856262403056,1.54703179064973,-1.09148540724001,0.275059349557868,0.98778919566147
6.13287211250998,-1.59156926363236,1.24378044015449,-1.27962236118995,0.200677981639126,0.98778919566147
4.25258461517558,-1.63477908467433,1.28747760631451,-1.26975341291876,0.204172480115492,0.98778919566147
4.31510255986533,-2.09988943672096,1.29751743970642,-1.61839014448707,0.105578544614251,0.98778919566147
2.60904512542058,-2.00180362751514,1.82843601253125,-1.09481743621089,0.273596626010779,0.98778919566147
7.10053575345397,-1.53947718063141,1.11525346358572,-1.38038323206075,0.167468680190699,0.98778919566147
3.94793731249571,1.57742600356409,1.35091646228679,1.16767102008208,0.242939490706101,0.98778919566147
3.37953537643303,1.7949607496409,1.61833056252722,1.10914345387994,0.267368301664713,0.98778919566147
4.36197777246523,2.05389949759007,1.32586458249607,1.54910201592639,0.121357198384442,0.98778919566147
3.39813366202035,2.57313276351227,1.58228616312873,1.62621201112212,0.10390456191002,0.98778919566147
4.98291613775088,1.63746839383442,1.23338839474987,1.32761780539252,0.184304399375402,0.98778919566147
4.02502705662417,1.91207739869869,1.3575267901594,1.40850067384245,0.158982867575022,0.98778919566147
5.09817664199777,-1.72555986580839,1.22003162237655,-1.41435667253205,0.157257204844838,0.98778919566147
3.4440821704644,-1.5230469438297,1.49034235612871,-1.02194434558375,0.306807242196075,0.98778919566147
3.00260647922699,-3.07967718693452,1.81376115180929,-1.69795079350026,0.0895170493782976,0.98778919566147
4.35177934364461,-2.17954545706993,1.39793818169658,-1.55911433395772,0.118969321622199,0.98778919566147
5.95078847298044,-2.72898072836566,1.18031720601259,-2.31207400388989,0.0207736054677231,0.98778919566147
2.89465875155958,-2.38945551098632,1.59478690124292,-1.49829140753793,0.134057555530889,0.98778919566147
2.79688802521542,-2.2216448732128,1.71994587978983,-1.29169463953382,0.19646291458177,0.98778919566147
4.04545314762568,-2.25857424460076,1.52091426959788,-1.48501088440568,0.137540940853753,0.98778919566147
3.36790632563655,-2.15833076298265,1.4948174667634,-1.44387579819756,0.148773915539569,0.98778919566147
7.42307932388222,-1.56018963229598,1.07004040807147,-1.45806608846473,0.144822327519444,0.98778919566147
4.24389263256457,-2.09229308620221,1.39311353138988,-1.5018826815319,0.133127410017296,0.98778919566147
6.96540693902323,2.14098644880412,1.11586610734158,1.91867683292645,0.0550252452033972,0.98778919566147
5.58965545415378,1.7366118555939,1.11442651644953,1.55830091079185,0.119161933165975,0.98778919566147
2.88157635142513,2.45369281009522,1.59882342743266,1.53468655011847,0.12486084118876,0.98778919566147
3.15090206201269,1.68700521750492,1.50820946182415,1.11854835830596,0.263332865126924,0.98778919566147
10.8637772442717,1.96154987810505,0.834336031661605,2.35103100389727,0.0187214738565376,0.98778919566147
4.43987784247255,1.85057226598508,1.28258300141812,1.44284795910981,0.149063305708471,0.98778919566147
7.44581496004952,2.09599800432147,0.955550559507884,2.19349775212411,0.0282715363677405,0.98778919566147
2.21274966273981,1.52190569416995,1.89980409569232,0.801085594888851,0.423082094998128,0.98778919566147
3.93774997077859,-1.94914629142317,1.32004976258118,-1.47657031323718,0.139790854350259,0.98778919566147
2.29826812406712,-1.51441700035285,1.83219471716618,-0.826558982057961,0.408487074262157,0.98778919566147
4.32524740578033,-1.88931138816197,1.27671060068924,-1.47982744651922,0.138919301999283,0.98778919566147
2.23729045251018,-1.96500149511987,1.75966714287794,-1.11668931426776,0.264127188324478,0.98778919566147
9.60248434706957,-1.52262622766314,0.87401978120227,-1.74209584314976,0.0814916748549299,0.98778919566147
3.12031099263607,-2.4758988218435,1.52810232094412,-1.62024413411911,0.105179844303115,0.98778919566147
5.3067438142248,-1.62010608100184,1.10085756459272,-1.47167638494743,0.141108287560759,0.98778919566147
3.94989568098051,-1.58257380520406,1.36717091582183,-1.15755373881162,0.247046197141647,0.98778919566147
6.42516696230935,-1.55068249932389,1.01243113478539,-1.53164244563912,0.125610692189782,0.98778919566147
5.41817906055804,-1.67087247327787,1.23904964875115,-1.34851131668691,0.177493982827297,0.98778919566147
4.18737279406666,-1.81400920533766,1.40929650800462,-1.28717356144312,0.198033800191572,0.98778919566147
3.17556847260651,-1.82904282081469,1.50689464636337,-1.21378281171067,0.224830671594978,0.98778919566147
2.83859502102627,-2.84335532273111,1.85947902577691,-1.52911395251857,0.126236197042805,0.98778919566147
2.90196985662411,-1.63322042439675,1.61222651550409,-1.01302168689745,0.311049802284051,0.98778919566147
3.12840088051561,-1.87062406313122,1.66815531314068,-1.12137284124303,0.262129191572307,0.98778919566147
4.78725754413894,-2.21470682324359,1.2862621569737,-1.72181604755777,0.0851028466410785,0.98778919566147
2.95656798166687,-1.75115083747773,1.48926406351581,-1.17584979076422,0.239654905683152,0.98778919566147
3.37820560236997,-2.57073035732973,1.57610943364297,-1.63106082766589,0.10287748518462,0.98778919566147
3.35382222182667,-3.13984817078726,1.65456459964374,-1.89768847433539,0.0577371317478326,0.98778919566147
2.60543439958047,1.82899098110821,1.75629373774457,1.0413924173396,0.297693460288901,0.98778919566147
3.80811320065419,1.76597570615239,1.33555270059181,1.32228080956285,0.186074660610664,0.98778919566147
2.22924968028374,1.94766025261091,1.83387058393246,1.06204890883546,0.288213482386244,0.98778919566147
3.17538666907778,2.1835167024025,1.5233799641489,1.43333689151047,0.15176158397981,0.98778919566147
1.52423713018094,2.09329429503825,2.16995062307351,0.964673699382764,0.334708272494974,0.98778919566147
3.55965738599255,3.42100768104803,1.59194134134204,2.14895335161285,0.0316380979623267,0.98778919566147
3.12326758849718,2.61301715096709,1.63679853242576,1.5964195343544,0.110395157682432,0.98778919566147
4.02190381617442,2.95719572060157,1.40248624567046,2.10853812629577,0.0349844684824245,0.98778919566147
5.66746230794014,1.54528731562899,1.1455449441486,1.3489538961542,0.177351775098478,0.98778919566147
7.27804523365189,2.62120309937497,1.07577385952921,2.43657444931974,0.0148271169273403,0.98778919566147
6.01348753715797,1.76332920173187,1.26228076547402,1.39693897741497,0.162431922243361,0.98778919566147
6.2949651951089,1.7463284105629,1.11324774517769,1.56867904572685,0.116722743557009,0.98778919566147
2.93582644801033,3.17000424816233,1.86847118632316,1.69657646923652,0.0897767616375327,0.98778919566147
5.69268533867959,-1.97344204645469,1.07788341913641,-1.83084924716236,0.0671230474100912,0.98778919566147
4.12987420060341,-1.53914821925643,1.31161699421066,-1.17347383119468,0.240605844966797,0.98778919566147
7.35804940133958,-2.00540085003818,0.9823080180102,-2.04151937403544,0.0411992301528634,0.98778919566147
5.4216371568845,-2.15703366347785,1.21486573757563,-1.77553255208464,0.075809995590481,0.98778919566147
3.00912211784431,-1.55713863496933,1.49268975046496,-1.04317634289664,0.296866628001207,0.98778919566147
11.1708379653264,-1.96177846407799,0.786787452673325,-2.49340334217622,0.0126525027798177,0.98778919566147
11.3532020639963,-1.63051147194134,0.875326138518586,-1.86274738088004,0.0624978163077773,0.98778919566147
9.30290065295019,-1.91716450806723,0.936425838730215,-2.04732123866519,0.0406265539046044,0.98778919566147
3.68013946510675,-1.74057750014205,1.47774622094355,-1.17785955089818,0.238852603028454,0.98778919566147
3.81692269539381,-1.60169733873648,1.34526283982127,-1.19062036898995,0.233802651595521,0.98778919566147
3.9053869817941,-2.82929951828891,1.585404831892,-1.78459120432506,0.0743276491476574,0.98778919566147
4.94490716277996,-2.41394938562721,1.36044459212275,-1.77438272723819,0.0759998649694919,0.98778919566147
6.61168546677144,-2.35062482949693,1.26962117384367,-1.85143795481971,0.0641065730191328,0.98778919566147
2.72740614623451,-1.66922125708317,1.57817729224734,-1.05768931366778,0.290197108777205,0.98778919566147
7.52449017898946,-2.10656199524256,1.06820255549637,-1.97206230635133,0.0486024942690116,0.98778919566147
3.05899967357918,-2.46305454893509,1.64337341847232,-1.49877959643813,0.133930819458249,0.98778919566147
2.83052466082237,-1.84786902171809,1.64658928257765,-1.12224040400976,0.26176023775902,0.98778919566147
3.39366894805965,-3.19266698976452,1.8255420303321,-1.74888714514215,0.0803105290632823,0.98778919566147
6.36315480289245,-1.5343405392256,1.1810956288039,-1.2990823958763,0.193915653834593,0.98778919566147
2.06751283062173,-1.70079416273674,1.97571052435367,-0.860851902023012,0.389319615056409,0.98778919566147
4.24876147450701,1.52819704647187,1.28030898650468,1.19361580882435,0.232628287139387,0.98778919566147
1.76496362997211,1.58679443518084,2.00269206219467,0.792330715807571,0.428167866263991,0.98778919566147
2.06100286415428,1.873633274971,1.9607303897477,0.955579249838676,0.339284849050208,0.98778919566147
7.3284297131828,1.95933533998671,1.19269833081201,1.64277528472163,0.10042943561406,0.98778919566147
5.45930750327551,1.75868100309434,1.15085528323673,1.52815130513033,0.126474975705922,0.98778919566147
2.04811022703717,-1.76065995985568,1.92266237192468,-0.915740582207977,0.35980297441086,0.98778919566147
5.71621619705034,-3.44434935498254,1.28595773799012,-2.67843122151577,0.00739679215308112,0.98778919566147
2.3917981004247,-2.61899512063291,1.83643568834119,-1.42612950579205,0.153830963248537,0.98778919566147
3.31147558381827,-2.09480427470257,1.64373542108302,-1.27441694559478,0.202515689939064,0.98778919566147
3.27129521008535,-1.68950748536996,1.61866181893454,-1.04376804691795,0.296592718412492,0.98778919566147
4.02205555325163,-2.3713162532585,1.39481536346729,-1.70009329934808,0.089113377473572,0.98778919566147
3.84828920565156,1.95880621109264,1.35207034958373,1.4487457784247,0.147408591004456,0.98778919566147
5.47823567959658,1.7065048186893,1.15330256085734,1.47966793503061,0.138961886824871,0.98778919566147
4.05827109768414,1.62304105835976,1.31218283216355,1.23690161048949,0.21612361209265,0.98778919566147
2.82099497962218,2.4978623537866,1.6342516431834,1.52844414396363,0.126402301676931,0.98778919566147
4.40933691207131,1.56589186371531,1.3605739969109,1.15090532912621,0.249771185161522,0.98778919566147
2.21874340019609,1.94258810954939,1.7964432848479,1.08135231762347,0.279540423401204,0.98778919566147
7.84796190729011,1.53684680135712,1.10685789291512,1.38847706755701,0.164991823106646,0.98778919566147
3.47566005281194,2.33312124972369,1.60593250824303,1.45281401164002,0.146275400552655,0.98778919566147
6.86164575351495,2.55985979199969,1.18162593891254,2.16638760854857,0.0302815800574563,0.98778919566147
3.86669698646237,2.07050653101899,1.5600781394322,1.32718129860634,0.184448717172191,0.98778919566147
4.69324546149635,3.87560013556078,1.52147232465471,2.54726955775573,0.0108569532940823,0.98778919566147
3.72316840675291,2.47087428681562,1.44932875329278,1.7048404519692,0.0882241847778274,0.98778919566147
4.69389577944448,3.28395032326537,1.38542098742066,2.37036276560192,0.0177706396918647,0.98778919566147
10.4387515941366,1.57171837769279,0.899145000704739,1.74801436527022,0.0804615399699383,0.98778919566147
5.00632149323154,2.48639201743826,1.36252740383526,1.8248381723843,0.0680254535650052,0.98778919566147
7.97588563773252,2.05268242842391,0.960274934928852,2.1375986748795,0.0325493293907528,0.98778919566147
8.01448145308222,2.22395732617852,0.998150502735339,2.22807815062355,0.0258753040230221,0.98778919566147
6.58647477611262,2.70491164349025,1.11766541374245,2.42014435646978,0.015514346836682,0.98778919566147
7.08800156454093,1.81979115360195,1.00505155064517,1.81064459075136,0.0701958850485801,0.98778919566147
6.71968680252845,1.57987211587286,1.06557363759812,1.48264940134405,0.138167584540709,0.98778919566147
2.69744107985702,1.55222779475803,1.73037677560803,0.897046132749092,0.369694300780973,0.98778919566147
2.71456053581377,2.14187535141294,1.75834799135872,1.21811800732223,0.223179131809822,0.98778919566147
4.26998333723177,2.2240718367468,1.26050160411454,1.76443395985136,0.0776589448412637,0.98778919566147
2.45917712595028,2.26558451646949,1.82283092562278,1.24289339434783,0.213907120201548,0.98778919566147
5.45215925366454,1.60882032190644,1.15679504058338,1.39075658648666,0.164299251878097,0.98778919566147
2.7709525217892,1.79168332531371,1.56063233687854,1.14804959693281,0.250948089804271,0.98778919566147
4.71155474499979,1.55417719982742,1.17033495197365,1.32797640300023,0.184185902455665,0.98778919566147
5.02399773534706,2.42601511339648,1.24273002182659,1.95216585323228,0.0509185168346268,0.98778919566147
10.1792736538126,1.63095328429483,0.84013789516732,1.94129236840342,0.0522228246837957,0.98778919566147
2.30028255622783,1.66482836755055,1.87997237502936,0.885560016553197,0.375854665297213,0.98778919566147
3.61023050187408,1.5358382886254,1.56927358803377,0.978693772925686,0.327731309816838,0.98778919566147
3.82878046196143,1.58096936741988,1.58681686145507,0.996314953428317,0.31909714049111,0.98778919566147
8.63838814952514,1.85273632733491,0.963665962473338,1.92259185182767,0.0545313281167508,0.98778919566147
5.91989969161621,1.74757499872075,1.2313252458898,1.41926351673062,0.155822204281807,0.98778919566147
6.74891594243376,1.5185360551278,1.22180878279207,1.24285901076733,0.213919792484442,0.98778919566147
2.76707154741281,3.01590050998809,1.82075341210762,1.65640250345434,0.0976403344656513,0.98778919566147
5.43160175523576,2.36457581829137,1.24185030812886,1.90407475266013,0.056900449312749,0.98778919566147
9.74927061908983,1.68093339346305,0.935080640811385,1.79763468528712,0.0722349180144166,0.98778919566147
7.07235643931433,-1.98878424957807,1.00489027109818,-1.97910588526711,0.0478040860038778,0.98778919566147
4.14199601439413,-1.57699343616391,1.52960292736115,-1.03098222941069,0.302549153287407,0.98778919566147
6.25398875014429,-1.94497695738885,1.07819481804615,-1.80391977853635,0.0712438838810831,0.98778919566147
2.50580972748039,-1.62528145445405,1.73663277041236,-0.935880908240678,0.349334507995796,0.98778919566147
6.75497875856351,-1.62364595236738,1.14787966253991,-1.41447401269811,0.157222772362051,0.98778919566147
2.62682629926492,-2.18064860111277,1.77169277881151,-1.23082772994965,0.218387301893427,0.98778919566147
6.30682080092707,-1.85935828609111,1.11376770686165,-1.66943095462012,0.095032003276556,0.98778919566147
4.50400050199744,-1.6819820538317,1.30410981084129,-1.28975492696175,0.197135762010737,0.98778919566147
4.36403185748064,-1.7581284184305,1.30885155347769,-1.34326036727317,0.179187680533644,0.98778919566147
5.22394156976288,-1.5026695438914,1.23419874067081,-1.21752639536375,0.223403999939889,0.98778919566147
4.72170344990344,-1.72795799627148,1.33485897280291,-1.29448730650786,0.195497151008199,0.98778919566147
2.85028899199914,-2.21349485680029,1.72591749820885,-1.28250328251347,0.199666154202362,0.98778919566147
5.79921506862435,-1.70666617728514,1.06593883264897,-1.60109203737695,0.109356535574337,0.98778919566147
4.82274540923985,-1.62544597919466,1.22508760169254,-1.32679979533627,0.184574918203033,0.98778919566147
3.55659605603767,-2.59588219408949,1.47845195055662,-1.75581099751816,0.0791206859436833,0.98778919566147
4.0050794215934,-3.43173097357072,1.53977263217704,-2.2287257883774,0.0258321553110953,0.98778919566147
3.70709098679182,-1.53592648981109,1.43988962805059,-1.06669737727781,0.286108511847309,0.98778919566147
3.73367775178676,-2.3019331007445,1.62172638520592,-1.41943371073179,0.155772610157028,0.98778919566147
4.29117813133007,-1.59906422799501,1.35469405315771,-1.18038772242905,0.23784604280139,0.98778919566147
5.17893878785588,-1.92435897605848,1.35381563474382,-1.42143355909952,0.155190756131012,0.98778919566147
3.6717474727911,-2.71526100814043,1.65550671273638,-1.64013892982191,0.100976283645963,0.98778919566147
11.7889132978132,-1.72104214066878,0.799752435709454,-2.151968614065,0.0313998264205298,0.98778919566147
3.36216223763885,-2.56703133499967,1.69697191991237,-1.51271291226329,0.130352598273095,0.98778919566147
5.3265039617205,-1.50022239380221,1.17788148345434,-1.27366158215048,0.202783377278574,0.98778919566147
5.20389666151242,-1.84368059884283,1.32368091353137,-1.39284368309292,0.163667065529932,0.98778919566147
5.91119775130086,-1.50375520367066,1.11120601414619,-1.3532640973205,0.175971274614237,0.98778919566147
3.14777569742747,-1.9651832146428,1.68011564456624,-1.16967139791747,0.242133232641744,0.98778919566147
10.1160291782318,-1.66029667621342,0.944931670800021,-1.75705474535289,0.0789084783282855,0.98778919566147
3.37166065586722,-2.45638708392921,1.66761653837919,-1.47299275786546,0.140752988581298,0.98778919566147
2.8815688585541,-2.13926396540164,1.74853039911563,-1.22346398237264,0.221154500012716,0.98778919566147
4.05930635167012,-2.43738385807744,1.46090698434826,-1.66840454881171,0.0952354458899444,0.98778919566147
8.1532742923122,-1.53994536382781,0.94928561312393,-1.62221500309072,0.104757320374631,0.98778919566147
7.77366890970114,-2.76109138112638,1.09358379271728,-2.52481007812465,0.0115760831014704,0.98778919566147
3.28051960396989,-1.95738818419284,1.5570100383081,-1.25714551353812,0.208700948947678,0.98778919566147
5.19409038853762,1.8177628383971,1.26495262655881,1.43702048616805,0.150712172620709,0.98778919566147
3.59509595647474,2.3135522384632,1.45732038207694,1.58753851721059,0.112390730576961,0.98778919566147
2.91729495413278,1.61080337973728,1.62518998035201,0.991147742240196,0.321613443485397,0.98778919566147
3.71866187200317,2.47547167007846,1.59792424166416,1.54917962036822,0.121338547106314,0.98778919566147
8.60368476338091,-1.84596260917832,0.917623467279922,-2.01167763794254,0.0442539293655598,0.98778919566147
3.19111636118578,-1.66213022186637,1.53914730775351,-1.07990327728433,0.280185253729279,0.98778919566147
5.05928641346501,-1.97365951161153,1.18595774058496,-1.66419042101622,0.0960743817270581,0.98778919566147
3.31147558381827,-2.09480427470257,1.64373542108302,-1.27441694559478,0.202515689939064,0.98778919566147
4.87099298281789,-1.51888546537337,1.19010388250105,-1.27626292772138,0.201862590438579,0.98778919566147
4.10765110772682,2.05684731864532,1.51515137377034,1.35751935697818,0.174616247186237,0.98778919566147
4.88548415754494,1.72983111358746,1.18589544815237,1.45867084343948,0.144655724684032,0.98778919566147
5.65673639676563,2.27556969318744,1.18672460639152,1.91752128584136,0.0551717394233115,0.98778919566147
3.32274935862596,-2.64184206469339,1.65712584233958,-1.5942314078957,0.110884214285039,0.98778919566147
3.32351266966492,-2.62769197482141,1.53128532427303,-1.71600415230838,0.0861612824379438,0.98778919566147
3.11362169503313,-1.93962694223933,1.70389753601065,-1.13834717243655,0.25497554366562,0.98778919566147
3.31262961749891,-1.69089131525662,1.54730294591717,-1.09279913136489,0.274482003107981,0.98778919566147
4.75526980602008,-2.50741605826618,1.35168193264922,-1.85503408583096,0.0635913592433931,0.98778919566147
4.36477785611112,1.71627143660502,1.27605473721315,1.34498261442396,0.178630849047346,0.98778919566147
4.47175258750059,1.73454737583938,1.19635048655213,1.44986556643474,0.1470960111695,0.98778919566147
3.46912399408253,-3.26400216495564,1.58915325679771,-2.05392535363952,0.0399829170124101,0.98778919566147
2.80419628275712,-2.3388162807973,1.72553452288977,-1.35541552473865,0.175285206124077,0.98778919566147
2.5448931426744,-1.68409335291835,1.77305516311447,-0.949825695191653,0.342200827380134,0.98778919566147
3.29811767087119,-1.90443221604604,1.53332033803614,-1.24203153692282,0.214224926486929,0.98778919566147
5.45042955434215,-2.79643954866276,1.25237379441799,-2.23291126110023,0.0255547968264715,0.98778919566147
3.42836542202933,-2.08975218888608,1.51225090741546,-1.38188192094235,0.167007959924368,0.98778919566147
4.59028924180292,-2.13567180951592,1.44539363706516,-1.47757106074741,0.139522625026726,0.98778919566147
4.71192666986854,1.52577850254221,1.22882816084193,1.24165326866925,0.214364518780245,0.98778919566147
5.11175474273639,1.80057092069265,1.25683407064276,1.43262421249594,0.15196525848718,0.98778919566147
2.15681312120044,1.55726354085196,1.90560748914915,0.817200577621193,0.413813812493221,0.98778919566147
4.2433410881614,1.51185832672596,1.35753886318104,1.11367590846226,0.265418248273806,0.98778919566147
4.34380132218917,2.60194381349866,1.50145629098152,1.73294675917455,0.0831051322312703,0.98778919566147
4.70039990018899,2.83306820923355,1.48075367504368,1.91326096769605,0.0557146519421418,0.98778919566147
3.65460244542881,2.33879238326278,1.58621640019901,1.47444723366204,0.140361214921281,0.98778919566147
3.6089547376315,1.93776469935322,1.37758365136211,1.40664031359346,0.159534072619614,0.98778919566147
3.15150925538243,1.9356763399434,1.74141748832965,1.11155214238723,0.266330759099728,0.98778919566147
3.32554492323406,1.93688667505035,1.4699317126523,1.31767119409614,0.187613741514471,0.98778919566147
5.68546013408762,1.64427614339061,1.1324929416639,1.45190851342064,0.146527045052768,0.98778919566147
2.31455365724225,1.62810728569858,1.82916967646364,0.890079967237494,0.373422948810047,0.98778919566147
2.49269519135408,2.23484861891461,1.80922881954287,1.23524929228094,0.216737739249385,0.98778919566147
8.18715997416048,1.85614360768089,1.09130116236989,1.70085368886628,0.0889704647003363,0.98778919566147
3.44502286103186,2.79477112441741,1.58541542909249,1.76280050839241,0.0779341416534445,0.98778919566147
5.03434789776549,2.53214751541016,1.2636794204057,2.00378946948209,0.0450926173494507,0.98778919566147
5.11102297513633,2.22237360306109,1.2548176544145,1.77107294852179,0.0765485717738169,0.98778919566147
5.83032663240325,2.78481256681075,1.15828826707001,2.40424827392509,0.016205762945115,0.98778919566147
2.74058147804543,1.95591909229185,1.77139656696217,1.10416782372235,0.269520344517514,0.98778919566147
7.04899604409718,1.84933527090382,1.24946252275821,1.48010463476838,0.138845324884502,0.98778919566147
4.07728607186468,1.92451286122667,1.52375254367121,1.26300879314032,0.206586019657807,0.98778919566147
15.8411436226887,1.65054703423011,0.74835980385143,2.20555276450656,0.0274153294930908,0.98778919566147
26.598840227479,1.3189331183844,0.644728059362203,2.04572005085237,0.0407839218443964,0.98778919566147
8.43576364749429,1.64209062085302,1.06448592160312,1.54261375141535,0.122924519509054,0.98778919566147
2.47842409033966,2.27847989709706,1.84300689067735,1.23628398169453,0.216353023150222,0.98778919566147
7.38539013668512,1.92259195130349,1.17055428466719,1.64246287121157,0.100494114680408,0.98778919566147
8.09283084556506,1.73129880954799,1.13302490447934,1.52803244015504,0.126504483795537,0.98778919566147
3.05060527636649,3.2240471071221,1.65466811032572,1.94845545581189,0.0513604897940056,0.98778919566147
6.78164534667086,1.72118400650502,1.0999805062684,1.56474046285057,0.117643776792538,0.98778919566147
4.33496546695202,2.05451937173294,1.32292726948259,1.55301007026371,0.12042072880817,0.98778919566147
10.0579807584891,1.51778930932294,0.796166786941708,1.90637104463147,0.0566020826944906,0.98778919566147
2.53018562700911,1.6269528927778,1.69478314487654,0.959977031690579,0.3370667747513,0.98778919566147
3.63450810558493,1.72152034966505,1.56144925725021,1.1025144375788,0.27023808533039,0.98778919566147
5.04682689219422,2.41984848172096,1.29606050593468,1.86707987060823,0.0618904349742993,0.98778919566147
6.45367046843159,1.97903416931663,1.0468213465515,1.89051759007025,0.0586887703067067,0.98778919566147
2.53304611179361,2.94061188123232,1.96126609260954,1.49934365984971,0.133784501440232,0.98778919566147
2.31641064890302,2.1625496196807,1.87241180346149,1.15495406282039,0.2481092385142,0.98778919566147
5.12235240684242,-1.86993626193098,1.17117182664062,-1.59663699159729,0.110346648182679,0.98778919566147
4.1572075930051,-1.86011576509821,1.41021038356288,-1.31903422835297,0.187157669677797,0.98778919566147
3.39060144050452,-2.1947049728107,1.61521281173873,-1.35877139957067,0.174219038882,0.98778919566147
3.81646495176254,-1.94504539731917,1.37843243467674,-1.41105602885448,0.158228093959724,0.98778919566147
4.56253219336881,-3.73668566473882,1.50979642533165,-2.47495993634903,0.0133251122685283,0.98778919566147
5.32561370702739,-2.49845522099529,1.18337096800395,-2.1113034615084,0.0347462367156636,0.98778919566147
3.20461923757746,-1.95159793509328,1.52875191769795,-1.27659557610372,0.201745064524347,0.98778919566147
3.80112388148302,-1.67480368266344,1.49697734590522,-1.11879026576096,0.263229625437271,0.98778919566147
4.28717804190231,-1.78942624043635,1.30444226213457,-1.37179413177564,0.170127534594223,0.98778919566147
4.22016842189447,-1.71775975991898,1.20347689855504,-1.42733089599095,0.15348453911602,0.98778919566147
6.8194151387913,-1.7041606777406,0.999293592568381,-1.70536536050489,0.0881263045331334,0.98778919566147
3.05105038040868,-2.41878041206379,1.56277369193457,-1.54774835572614,0.121682894875297,0.98778919566147
3.61122754486544,-2.6399945820399,1.58867063918361,-1.66176331136612,0.0965602412020279,0.98778919566147
4.64259306499324,-1.74932511009102,1.4801759633611,-1.18183591234569,0.237270815170923,0.98778919566147
8.00765497402874,-1.79866194236106,1.05531614361719,-1.70438209747838,0.0883097262871452,0.98778919566147
5.27272385380965,-1.56621931166958,1.30087190268834,-1.20397658557531,0.22859862856573,0.98778919566147
6.14700370963381,-1.84450957843606,1.15569570552595,-1.59601664141915,0.110485077955513,0.98778919566147
3.79116833196778,-1.89450631325808,1.36552580680426,-1.38738228440501,0.165325224079675,0.98778919566147
5.42512752307316,-1.50582465654261,1.20165300123699,-1.25312769575951,0.21015923819502,0.98778919566147
4.86712342779735,-2.54937496855345,1.36227450865722,-1.87141060950069,0.0612881894775936,0.98778919566147
4.90836484826978,-1.98404872490637,1.21176708117427,-1.63731855381294,0.101563926136033,0.98778919566147
5.26280523941609,-2.15626954240804,1.2176045595133,-1.77091119243997,0.0765754708441435,0.98778919566147
3.25019234485365,-2.0293503936967,1.66620937137748,-1.21794441236338,0.223245097410007,0.98778919566147
3.76828392070005,-1.85289102546076,1.44502545692737,-1.28225493646365,0.199753230410822,0.98778919566147
3.96124776487276,-1.64085113212572,1.40440227518371,-1.16836262737546,0.242660523201583,0.98778919566147
5.15684455934262,-2.26639096027137,1.4812488945454,-1.53005411083661,0.126003335666219,0.98778919566147
3.71202142639317,-1.6314621039322,1.4161310502505,-1.15205588045232,0.249298111365062,0.98778919566147
3.52432185089685,-1.6794532664215,1.55435442383822,-1.08048282982615,0.279927228734458,0.98778919566147
2.85196178589842,-1.60755556121888,1.74194000630005,-0.922853574408334,0.356083517146565,0.98778919566147
4.98299714515207,-1.67217394274721,1.28696780557397,-1.2993129552308,0.193836550132106,0.98778919566147
5.46517240073531,-1.96040148803275,1.281603450945,-1.52964747916934,0.126104010384693,0.98778919566147
4.15675167009499,-1.56712275757449,1.52292748168769,-1.02901994771138,0.303470301310543,0.98778919566147
4.20175178953365,-1.69939340367453,1.2647711184185,-1.34363710471148,0.179065764824938,0.98778919566147
2.95080739509145,-1.84270354005517,1.78689939071531,-1.03122959783288,0.302433164009141,0.98778919566147
4.24788325461851,-1.52870064859991,1.30262992953194,-1.17354945863189,0.240575535412065,0.98778919566147
6.00035625821017,-1.53043518611353,1.18789761606822,-1.2883561389567,0.197622019378849,0.98778919566147
5.53171663045922,-1.52456332899509,1.43406728148074,-1.06310446426259,0.287734580175066,0.98778919566147
5.61242315526719,-1.93493444127206,1.28859687321442,-1.50158244327052,0.133204980321148,0.98778919566147
5.11165683035501,-1.86740800924342,1.20051952473459,-1.55549990713918,0.119827056674452,0.98778919566147
3.92028036874417,-1.88588395782855,1.45412670605722,-1.29691859036274,0.194659199291583,0.98778919566147
4.61651784743795,-1.72618540543151,1.32555716891263,-1.30223384242833,0.192836459547302,0.98778919566147
3.33223412579944,-1.51268931831843,1.60258510131722,-0.943905766423948,0.345217805043482,0.98778919566147
3.74125445655998,-1.96740478385892,1.60276794565216,-1.22750444891035,0.219633050705382,0.98778919566147
3.11789460042796,-1.88063934154847,1.59968068431217,-1.17563421249729,0.239741077920399,0.98778919566147
3.46285489264478,-1.66427371815034,1.53608719670783,-1.0834500292153,0.278608719706437,0.98778919566147
4.65762256346284,-1.92753726139907,1.30313195318606,-1.47915739207099,0.13909825420004,0.98778919566147
4.34003486211633,2.29099985745959,1.29067121256061,1.77504529051546,0.0758904092755117,0.98778919566147
2.67475645568514,1.79916925806363,1.72728805389259,1.04161506473055,0.297590181405017,0.98778919566147
2.75898554979477,1.6152308810679,1.68565479147647,0.958221629502868,0.337951012656998,0.98778919566147
5.94853711266027,2.87106511028226,1.24319050349888,2.30943294869276,0.0209195684300228,0.98778919566147
6.80464099668242,1.85134513511493,1.13016413279863,1.63812058920189,0.101396540771225,0.98778919566147
7.44537000630955,2.20602242392608,0.975929729350115,2.26043162492355,0.0237944755885658,0.98778919566147
2.35731612268028,2.75730377305439,1.97898403561816,1.39329258014611,0.163531333465662,0.98778919566147
4.03668300165691,3.00342777394871,1.41927237990936,2.11617432739762,0.0343299838109653,0.98778919566147
3.88455421790081,1.69242644517938,1.33272301469221,1.26990111712767,0.2041198551997,0.98778919566147
3.03430663698469,1.62366253681005,1.64663043005133,0.986051579746062,0.324107802485302,0.98778919566147
8.53881689431754,1.96603077807922,1.06980352369131,1.8377493946697,0.0660993416636685,0.98778919566147
2.58614867934825,1.74857925549106,1.53908611339847,1.13611528313384,0.255908319587212,0.98778919566147
5.15240007635898,1.95393057661513,1.1152498463635,1.75201151830357,0.0797718273505135,0.98778919566147
4.13375950749204,1.51120872743728,1.37599100457537,1.0982693363636,0.27208689741441,0.98778919566147
8.10813593654899,2.31259864837465,1.05380690033998,2.19451841473856,0.0281981615792773,0.98778919566147
3.80042428077264,3.51991072218611,1.53876015487921,2.28749796453003,0.0221667741082163,0.98778919566147
3.8293183355214,2.39970177776156,1.69095983015087,1.41913588659729,0.155859403258367,0.98778919566147
2.65947125564999,1.7484536842946,1.82444370985913,0.958348933894812,0.337886836335898,0.98778919566147
3.51745942011516,3.29257885461423,1.65488282225402,1.98961449737547,0.046633417915327,0.98778919566147
4.35793455845908,2.32713310852966,1.32202307387465,1.76028176400067,0.0783600445658285,0.98778919566147
5.24604886863453,1.53879478265263,1.37653907591576,1.11787221269322,0.263621574336739,0.98778919566147
4.65653369420237,1.80567755071424,1.302462520906,1.38635662963891,0.165638032749853,0.98778919566147
7.69861397938774,1.8619981606918,1.17940481614725,1.57876085903598,0.1143909195549,0.98778919566147
4.28521184518977,1.56907614738502,1.50855993923579,1.04011521622394,0.298286375101552,0.98778919566147
6.66881517333894,1.56618706332989,1.11740973682637,1.40162288882333,0.16102788828797,0.98778919566147
3.14498747538817,1.82912717273571,1.51119040780463,1.21038828944987,0.226129933339435,0.98778919566147
3.24852618614122,2.53867011843386,1.56199620605555,1.62527290949359,0.104104421113903,0.98778919566147
4.24615068726088,1.8361116216497,1.22412913347505,1.49993294942451,0.133631771869808,0.98778919566147
4.35048199752192,2.74700424482236,1.38974480198313,1.97662494646675,0.0480840401731428,0.98778919566147
6.8551458000165,2.950512871998,1.18374908082282,2.49251544925982,0.012684181231446,0.98778919566147
16.7889015204368,2.72603581278806,0.710036794766184,3.83928809447931,0.000123391574800393,0.303604969796367
6.85042711519448,1.83457389764734,1.06516767201676,1.722333437114,0.0850091339105633,0.98778919566147
3.67167098442769,-2.19439982126274,1.43332471755282,-1.5309858222562,0.125772896675967,0.98778919566147
4.2720578110864,-2.15215202537238,1.30424182290605,-1.65011732301074,0.0989189423321305,0.98778919566147
1.75838351837959,-2.13508560043965,2.11607644919355,-1.0089832062794,0.312982688289229,0.98778919566147
5.99236759685242,-1.70687091114486,1.0728915759007,-1.59090717970446,0.111630466535316,0.98778919566147
4.14141496855102,-1.78693875571228,1.27921690313232,-1.39690051885395,0.162443488565141,0.98778919566147
5.70192070173427,-2.11327197276474,1.33603938755564,-1.58174376627555,0.113708077074302,0.98778919566147
3.59394928935472,-1.86126710578132,1.46698023472948,-1.26877449451427,0.204521504389544,0.98778919566147
3.10777904298198,-1.50390410208106,1.5489065809303,-0.970945646817377,0.331575345643599,0.98778919566147
4.7581826977023,-2.39565873202668,1.33160704951645,-1.79907333240435,0.0720070814114252,0.98778919566147
2.00608341983575,-2.43695212828439,2.06746084415844,-1.17871742779068,0.238510713597163,0.98778919566147
2.34373545451087,-1.85124520584981,1.866245373805,-0.991962381707282,0.321215876446924,0.98778919566147
5.15525770176418,-1.92829743458168,1.24939555519238,-1.54338426014711,0.122737570350054,0.98778919566147
3.10215723039445,-1.86852172629884,1.55402243178766,-1.20237757710447,0.229217272673898,0.98778919566147
5.24989469696249,-1.57935191775577,1.15376267284696,-1.36887070012297,0.171039695971866,0.98778919566147
3.3346228652052,-1.64195188929302,1.59028371907449,-1.03248990705168,0.3018426733843,0.98778919566147
2.69145707453073,-2.21585178561039,1.6990996030758,-1.30413295465383,0.192188254502541,0.98778919566147
5.66530718255343,-1.52906756557092,1.0789760885324,-1.41714685044664,0.156439997304846,0.98778919566147
3.17587446730411,-1.81899550744495,1.708743956174,-1.06452198462654,0.287092300543704,0.98778919566147
3.18621807699268,-2.07849592671277,1.68910166438133,-1.23053334831333,0.218497446968683,0.98778919566147
3.21841161008902,-2.00347411257497,1.48000166718153,-1.35369719980811,0.175833001874061,0.98778919566147
10.5041772440176,-2.38457384677727,0.932984866924121,-2.5558547960577,0.0105927311167561,0.98778919566147
2.92232925132845,-2.18305418061903,1.60248712646407,-1.36229124375931,0.173105989909131,0.98778919566147
2.56894542373213,-2.84186472491478,1.77393854550582,-1.60200855441948,0.109153717845273,0.98778919566147
10.1373869674216,-1.67927345607654,0.825471752515715,-2.03431970986139,0.0419193711981936,0.98778919566147
2.79581314236655,-2.15202214679432,1.76827966363635,-1.21701458827436,0.223598665440276,0.98778919566147
6.44940296265452,-1.91289381784641,1.06656704012354,-1.79350546743394,0.0728921371904196,0.98778919566147
10.5826956185862,2.43065435208211,0.966949719629356,2.51373396438215,0.0119460510487001,0.98778919566147
4.51686853221704,-1.8016553408227,1.28816019411274,-1.39862677721046,0.161924932213685,0.98778919566147
3.36390065909648,-2.43599667366058,1.53255874768897,-1.58949644007706,0.111948357129555,0.98778919566147
3.47428988375996,-2.1697143405692,1.47345987587289,-1.47253031867179,0.140877725947757,0.98778919566147
2.81894349788584,-1.80445781731327,1.72060255028905,-1.04873598903485,0.294299645513148,0.98778919566147
5.46738178958918,-2.54762982612135,1.17787913480375,-2.16289579367225,0.0305491953770167,0.98778919566147
4.37147804726304,-2.09626802416933,1.31431305622835,-1.59495335927418,0.110722666005943,0.98778919566147
3.09275737621953,-3.04611377520181,1.83160003262621,-1.66308895006635,0.0962946314545873,0.98778919566147
4.81630006952923,-3.15105975449258,1.47579603074319,-2.13515939116989,0.0327479927158258,0.98778919566147
3.84161164334479,-1.65381895434958,1.44494691767346,-1.14455343246272,0.252394191901477,0.98778919566147
3.71038757339122,-2.10315014699461,1.54421559493812,-1.36195370250673,0.173212496574436,0.98778919566147
7.74287084882675,-1.50569322188899,1.00429618020303,-1.49925216442086,0.133808226943249,0.98778919566147
3.08132238510435,-2.24699986708257,1.80434022270295,-1.2453304752673,0.213010297856945,0.98778919566147
2.39111951732982,-1.98270381054289,1.822000885021,-1.08820134328312,0.276506231862923,0.98778919566147
4.04904746992562,-1.87117677475666,1.38509836505752,-1.35093421663157,0.176716506263236,0.98778919566147
4.42893048704997,-3.62074168233734,1.5549031052608,-2.32859634152576,0.0198804600629388,0.98778919566147
4.13686264675453,-2.24206208903756,1.60783266503183,-1.39446233292765,0.16317803640777,0.98778919566147
4.80999141484975,-2.09775794494741,1.29219162498617,-1.62341088147036,0.104501600127591,0.98778919566147
3.43922924602814,-1.91218656196699,1.64800433879933,-1.16030432502388,0.245924924236883,0.98778919566147
4.22624738518528,-2.99190424228061,1.41931389120543,-2.10799334863099,0.0350315647727837,0.98778919566147
9.33877942574727,-1.55858736709582,0.915748527256406,-1.70198184403896,0.0887587718241911,0.98778919566147
2.67617702083858,-2.19570731513667,1.79856237847517,-1.22081243409428,0.222157044862686,0.98778919566147
3.14764784490499,-1.84058877794643,1.59617708062207,-1.15312317179063,0.248859831962037,0.98778919566147
4.89873749855694,2.19002844520289,1.31302858046958,1.66792138250309,0.0953313343597621,0.98778919566147
3.44213597952651,2.7530687212453,1.55390643109285,1.77170817119862,0.0764430125630354,0.98778919566147
6.41439443084094,1.74974503015721,1.05309389106664,1.66152804132684,0.0966074419355081,0.98778919566147
4.62355416203263,1.68716866188372,1.24536629586006,1.35475696386866,0.175495002254566,0.98778919566147
3.25306360042628,1.92475225197621,1.70979018389305,1.12572423804289,0.260282261037349,0.98778919566147
2.65898153818555,2.40066620452598,1.67018688618248,1.43736382101116,0.150614643188684,0.98778919566147
2.67252317042007,2.20723748446802,1.79867788627732,1.22714439383935,0.219768324796833,0.98778919566147
2.33602953816114,2.10049015597857,1.85986444254834,1.12937809225522,0.258738370517344,0.98778919566147
4.10144369898554,1.62383879242652,1.39085027325118,1.16751516942994,0.243002385916901,0.98778919566147
3.64679648003623,1.50203266360292,1.60045614213544,0.938502858065703,0.347986048874962,0.98778919566147
7.19465170146995,1.56879957887577,1.04878006018786,1.49583276649516,0.134697240339459,0.98778919566147
3.5083699293734,1.53429163000308,1.61867968444299,0.947866118756569,0.343197615249255,0.98778919566147
7.15731574433807,1.55670974290982,0.974379129957343,1.597642739924,0.110122508826452,0.98778919566147
5.65860940853007,2.68394361621183,1.19672396685339,2.242742428957,0.0249134288843964,0.98778919566147
7.17161078984347,2.48003462380849,1.04850488701215,2.36530573631914,0.0180151918293937,0.98778919566147
11.7934047000682,1.70019220429715,0.914824332792773,1.85849036077431,0.0630994109723561,0.98778919566147
7.4605088727397,1.61097132131546,1.26738283900655,1.27110078480962,0.203692796182742,0.98778919566147
3.56143522682156,3.3166486923713,1.8253049000933,1.81703817932104,0.0692112675454896,0.98778919566147
5.80353832671244,1.56896663340214,1.10298995670993,1.42246683558403,0.15489077259408,0.98778919566147
8.0161431404616,2.59031488436421,1.0046838321451,2.57823884637779,0.00993053312562998,0.98778919566147
3.36161856954321,3.32348887346445,1.60021202526696,2.07690532316179,0.0378102983613057,0.98778919566147
3.3909798830018,2.10283829650716,1.55019806901199,1.35649652682602,0.174941239694267,0.98778919566147
3.37644266905239,-1.60700954692103,1.47875895595984,-1.08672853032896,0.277156801338078,0.98778919566147
2.90198908479132,-3.04144383116775,1.66632479957862,-1.82524069253298,0.067964715575897,0.98778919566147
4.69916484725069,1.50376844297206,1.35617263837454,1.10883260760549,0.267502400877202,0.98778919566147
4.88332059158608,-1.72507016335145,1.27034690173666,-1.35795203734755,0.174478903722823,0.98778919566147
2.86332028865018,-1.7143147629725,1.51907686810953,-1.12852403914618,0.259098670432314,0.98778919566147
3.13963710785721,-1.91079448706503,1.47120208901486,-1.29879810621022,0.194013224748048,0.98778919566147
3.37354463680181,-2.0328324489531,1.49414530009836,-1.36053197023026,0.173661643026997,0.98778919566147
2.45465975291622,-1.57075876245362,1.80124785954315,-0.872039211112241,0.383186986776398,0.98778919566147
3.01236326496866,-1.96439594016378,1.65856455375674,-1.18439522641088,0.236256648957285,0.98778919566147
2.45430657774063,-2.78904046107953,1.8929439345981,-1.47338777979797,0.14064650347168,0.98778919566147
5.61531561040545,-1.64163173736821,1.15661607227949,-1.41934024324325,0.155799844876547,0.98778919566147
5.42516566657161,-1.56678095128123,1.20878554655806,-1.29616122209811,0.194919946245964,0.98778919566147
3.07151839946829,-1.87037058114814,1.63475581457056,-1.14412841629162,0.252570384515048,0.98778919566147
3.00247036770745,-1.53185168060959,1.54938510493406,-0.988683624059223,0.322817957429867,0.98778919566147
3.54600067927039,-2.26556523030267,1.56741444916596,-1.445415557773,0.148341196022879,0.98778919566147
2.670103469022,-2.91135432586744,1.85630319360561,-1.56836142710746,0.116796807746325,0.98778919566147
13.0313534848314,-1.50865797735012,0.73183217578223,-2.06148079747596,0.0392571935862047,0.98778919566147
3.70965355082129,-1.5582866696117,1.51916718380635,-1.02575061271883,0.305009150739468,0.98778919566147
4.21060917213322,-1.67839076046907,1.25009391027226,-1.34261174034799,0.179397726783715,0.98778919566147
5.38058951600133,-1.51777119095465,1.30790352066193,-1.16046112498153,0.245861112607575,0.98778919566147
5.56180741269771,-1.92989901614793,1.33827304325145,-1.44208166328979,0.149279337286425,0.98778919566147
3.18991096334608,-2.47297526924813,1.57106408103352,-1.57407663958639,0.115469732448532,0.98778919566147
4.0658733738629,-2.90062671184127,1.41779297458387,-2.04587465436739,0.0407687046025249,0.98778919566147
3.91417484657382,-1.94654650767465,1.38384387880908,-1.40662291280272,0.159539235104597,0.98778919566147
4.20179880437355,-2.48414699905504,1.45508417857984,-1.70721875450503,0.087781400414945,0.98778919566147
3.62289343574605,-2.22760498985402,1.56937341043225,-1.41942317554653,0.155775679736975,0.98778919566147
4.59724819501414,-1.71262935099923,1.37741959117352,-1.243360673809,0.213734955129548,0.98778919566147
8.03413166057682,-2.84057080582452,1.07674813402811,-2.63810144271898,0.00833716378997195,0.98778919566147
2.65653375669521,-2.79181249167035,1.9483710947611,-1.43289566303727,0.151887656884076,0.98778919566147
5.56346789170034,-1.78903207421167,1.36778015081923,-1.30798218788314,0.190879350875869,0.98778919566147
4.0088670961927,-1.55008989247976,1.34619362747757,-1.15146132089797,0.249542498992475,0.98778919566147
31.7835641220511,-1.07622908036141,0.501118064914501,-2.14765572369664,0.0317411151561479,0.98778919566147
2.17856302646317,2.70957867956613,1.97984634253649,1.36858028896057,0.17113050889774,0.98778919566147
5.12818949363772,1.88083874570065,1.19844993569272,1.5693928379357,0.116556431866578,0.98778919566147
3.12611243586754,1.77710435573582,1.6337339863732,1.08775625074734,0.276702727833202,0.98778919566147
5.73321453070902,2.03104633482496,1.13558904094421,1.78853992209735,0.0736889407515523,0.98778919566147
4.57954030723727,1.70216465400235,1.31039316657675,1.29897247438268,0.19395337566285,0.98778919566147
3.69478118001566,1.61877050167587,1.54761678904517,1.04597631218165,0.29557196908851,0.98778919566147
4.14968059681299,1.57377195681745,1.32442353637391,1.18826939690775,0.234727290559121,0.98778919566147
5.16846551678013,1.70300452313819,1.21591391475301,1.40059629425667,0.161334829735102,0.98778919566147
2.81301639798266,1.87826467543276,1.59526357659057,1.17740084020913,0.239035554679548,0.98778919566147
3.17165623525831,3.29837143104977,1.65826222602156,1.98905298528273,0.0466953549085164,0.98778919566147
6.6157861791287,1.52608450547469,1.05012197607453,1.45324499462373,0.146155743483346,0.98778919566147
3.53991107460622,1.70787573228716,1.55742928373267,1.09659921649471,0.272816630153432,0.98778919566147
2.617015562517,1.76227202940236,1.81525149300248,0.970814256975217,0.331640781705071,0.98778919566147
3.52855523432281,2.85184464378123,1.47923313512344,1.92792101262878,0.053864951672932,0.98778919566147
5.32073041205576,1.8502424516318,1.10179188150494,1.67930303598221,0.0930929996196466,0.98778919566147
1.85765501530408,1.78832040736267,2.01515775095223,0.887434448502918,0.374845043706752,0.98778919566147
3.11703421380435,2.66203731683995,1.59983385392174,1.66394610935029,0.0961231993701259,0.98778919566147
3.5586460165613,2.00146904988904,1.55290866708564,1.28885174789141,0.197449631720174,0.98778919566147
3.17924288587939,2.64043687754132,1.66991886075122,1.58117675032037,0.113837629785701,0.98778919566147
2.88873843714547,1.65397633864302,1.68976210798331,0.978822007446365,0.327667933773555,0.98778919566147
2.95047384262905,2.04706230421124,1.70787807805435,1.19859978912739,0.230683600235679,0.98778919566147
3.28832075081625,1.78000714346657,1.57796685293872,1.1280383616117,0.259303718475944,0.98778919566147
2.63007118634855,2.97808067600778,1.89399693855234,1.57237882247268,0.115862722670812,0.98778919566147
5.96118867563121,2.57051438141568,1.41978852429673,1.81049102554829,0.0702196748269509,0.98778919566147
5.38866480512488,1.62685997461471,1.09727021969248,1.48264296744575,0.138169294841772,0.98778919566147
5.1015201881724,2.59592377655572,1.26548584102691,2.05132581684927,0.0402352279499525,0.98778919566147
3.00729203265131,2.49700353673463,1.73537954555442,1.43888035509654,0.150184424360124,0.98778919566147
7.0002278254396,1.66407302688003,1.08648939238039,1.53160540595267,0.125619837696293,0.98778919566147
3.21895600090249,2.16391717438637,1.54129513246714,1.40396029858513,0.160330672194883,0.98778919566147
2.51590392009768,2.20991868227163,1.8851631007249,1.17226922244651,0.241088984240645,0.98778919566147
4.81367916671661,1.89133098282134,1.24878333654499,1.51453893359443,0.1298892069662,0.98778919566147
4.43098267964767,2.23422418998833,1.32683293360913,1.68387755036423,0.0922053357820709,0.98778919566147
3.16823059123907,2.66322686756004,1.71900302307058,1.54928573819658,0.121313046613813,0.98778919566147
4.52199198876103,2.14554694857817,1.34162839885268,1.59921104115937,0.109773717843053,0.98778919566147
3.88625236230287,3.46729559322714,1.54819063795944,2.23957922765709,0.0251182525126203,0.98778919566147
4.00546458245863,2.44990904363009,1.45021917471957,1.68933709217011,0.0911548489796191,0.98778919566147
24.3015247578083,2.01147331753857,0.666019748294504,3.02014065302028,0.00252657323618413,0.98778919566147
11.0450032629904,1.77873726166889,0.795405739697918,2.23626405102938,0.0253344797832824,0.98778919566147
4.107319577847,2.49181010459696,1.3766582344969,1.81004263960081,0.0702891750537125,0.98778919566147
5.02109685557365,1.55381510583577,1.11347399155066,1.39546600785158,0.162875358377068,0.98778919566147
3.62212444499728,1.84741129815874,1.55712907954907,1.18642142287506,0.235455915667417,0.98778919566147
5.06019201792029,2.88576000174642,1.35162371285414,2.13503209088627,0.0327583889170411,0.98778919566147
2.87069814646873,2.52335719038069,1.82590440151456,1.38197661842953,0.166978880470858,0.98778919566147
9.39350241734391,1.72711180643174,0.946367484401769,1.82499064570409,0.0680024409630259,0.98778919566147
3.7780224184157,2.46791658590652,1.54122499718133,1.60126950342745,0.109317240544427,0.98778919566147
4.92152177760072,1.69489157412511,1.42809731436967,1.18681798297001,0.235299423950192,0.98778919566147
4.39119084456213,1.9616649886453,1.46487924376238,1.3391308512277,0.180528078558903,0.98778919566147
7.09271116467866,2.13501792803632,1.03162686453404,2.06956410446005,0.038493182430873,0.98778919566147
8.37152045392776,1.62906369529292,1.02471294644735,1.58977565467561,0.111885383382423,0.98778919566147
4.44393548551609,2.37427130693727,1.30736142148872,1.8160787582623,0.0693582916337449,0.98778919566147
4.65255197177823,2.02901629324211,1.34091485901092,1.5131581842107,0.13023948305994,0.98778919566147
4.83562230634534,2.09317238604817,1.31534303924538,1.59135094313423,0.111530617997147,0.98778919566147
3.96933015232134,1.66660770125435,1.35003874228924,1.23448879580175,0.217020819198692,0.98778919566147
6.99930831812573,-1.96405392719117,1.096279484359,-1.79156315083244,0.0732029702663307,0.98778919566147
2.21920189053699,-2.47077143700876,1.93930158685904,-1.27405219165035,0.202644920071106,0.98778919566147
2.0470353441883,-1.68270268913243,1.86876109681286,-0.90043756368979,0.367887438058129,0.98778919566147
3.90862271744422,-1.50463091386541,1.3157837788624,-1.14352444378535,0.252820911810508,0.98778919566147
3.90224317093004,-1.84529367388229,1.50699606612839,-1.22448473181687,0.220769422578735,0.98778919566147
2.14392048408333,-1.84752353081377,1.94027625799218,-0.952196123208559,0.34099752677307,0.98778919566147
3.42601404503517,-2.21587077859404,1.4959488003315,-1.48124773929629,0.13854056907329,0.98778919566147
5.26913037325689,-1.76767387409512,1.37930326624039,-1.28157013570577,0.199993482012942,0.98778919566147
5.37461512427056,-2.02135124844911,1.28591000779286,-1.57192279101907,0.115968458241887,0.98778919566147
3.23774330242248,-1.59351403686138,1.3429675394846,-1.18656184160112,0.235400494793393,0.98778919566147
4.31151647714604,-1.78337192142487,1.29596117338606,-1.37609980765498,0.168790735100562,0.98778919566147
8.37572834520465,-2.31920133186257,0.991489404253817,-2.33910853904483,0.0193298168646799,0.98778919566147
4.03478128249498,-1.64969635399112,1.22955738504702,-1.3416993578775,0.179693495325156,0.98778919566147
10.5256335096273,1.60917371066581,0.872395222846024,1.8445466785297,0.0651035096516389,0.98778919566147
3.36235977361927,-1.67804729443779,1.49757623482905,-1.12050876303425,0.262497020440717,0.98778919566147
2.46192925461508,-1.89132456942968,1.71436422384921,-1.10322214096556,0.269930708492205,0.98778919566147
4.81526271473004,-1.79466196381069,1.23399208368759,-1.45435451939662,0.145848042367779,0.98778919566147
7.33915561212579,-1.65414309417757,0.99513620000949,-1.66222783791987,0.0964671003634376,0.98778919566147
3.59335422582715,-1.71242366097372,1.47907945654907,-1.15776312989235,0.246960713432134,0.98778919566147
4.12495201999912,-2.31814840311091,1.39812098260796,-1.65804564265017,0.0973082541465546,0.98778919566147
4.96853160101985,-2.71458305823493,1.22470465829349,-2.21652056261258,0.0266558712145768,0.98778919566147
3.03267129551394,-3.10642044973085,1.86320029454231,-1.66724987046759,0.0954647300344176,0.98778919566147
4.92226943588968,-3.86276023188152,1.72599423336073,-2.2379913890907,0.0252216166655535,0.98778919566147
5.97758344660202,-1.5774499566852,1.20404499826855,-1.31012541803141,0.190153410968275,0.98778919566147
3.79611982045749,-2.20637627723603,1.41501935826121,-1.55925518923448,0.118935993116912,0.98778919566147
3.97506221307436,-1.92728663520452,1.4596326593572,-1.32039155389498,0.186704322070538,0.98778919566147
5.14230992468046,-2.38731783689931,1.32718714626478,-1.79878010694885,0.072053471311735,0.98778919566147
4.33515923468481,-1.56744168831835,1.55665269738128,-1.00693089149251,0.313967985707822,0.98778919566147
4.02307226703598,-1.52940870411269,1.34141361965882,-1.14014699247029,0.254225066903233,0.98778919566147
3.63318324510564,-2.08262191615445,1.44431884779911,-1.44194055165035,0.149319145050772,0.98778919566147
4.40450172733345,-1.87945661184934,1.44630909103498,-1.29948475294752,0.1937776226438,0.98778919566147
5.65547390844834,-1.69711497555865,1.25696391023809,-1.35017001024094,0.176961455516449,0.98778919566147
4.47949545838839,-1.71479321126438,1.29482312301314,-1.32434552703534,0.185388316865188,0.98778919566147
5.99245834861512,-2.39383911260592,1.21405273333507,-1.97177523420248,0.0486352707237046,0.98778919566147
11.8031268932916,-1.54122673237866,0.781263162444225,-1.97273698091287,0.0485255363344151,0.98778919566147
7.01199094220708,-2.27193558513142,1.04804479476048,-2.1677848089028,0.0301750631853164,0.98778919566147
6.16767133421419,-1.83478753751294,1.0391539388433,-1.76565518247977,0.0774537160524036,0.98778919566147
2.83163993866016,-1.5762046376306,1.68466162094827,-0.935620909285857,0.349468405066601,0.98778919566147
4.03837294232658,-2.03040111649777,1.42927501876333,-1.42058112668516,0.155438568447327,0.98778919566147
3.77358410117585,-3.36614040654952,1.64074438743021,-2.05159343060236,0.0402091911717646,0.98778919566147
4.58386657071034,-2.09002845072202,1.41342606294267,-1.47869669699645,0.139221395495171,0.98778919566147
7.63841289442,-1.75420412107331,1.10447147752864,-1.58827471488762,0.112224232520465,0.98778919566147
6.13703191036003,-3.47148429635627,1.26757235538754,-2.73868728802855,0.006168501502463,0.98778919566147
3.37980190790583,-1.55647438106468,1.60917605193385,-0.967249282136755,0.33341943112911,0.98778919566147
6.17770337209285,-1.91769954482272,1.04846507805188,-1.82905428608641,0.0673914762483912,0.98778919566147
5.79631703637378,-1.95712802012339,1.18661173882005,-1.64934152941174,0.0990776861357665,0.98778919566147
4.55566245129118,-2.02054469205259,1.33895205938814,-1.50904931799867,0.131286179970752,0.98778919566147
5.94855537276986,-2.6526125946259,1.31577254494992,-2.01601150959329,0.0437987722709887,0.98778919566147
4.38143359677828,-1.87682212599329,1.31154134152455,-1.43100493028427,0.152428802125196,0.98778919566147
13.0379555770764,-1.97545493909535,0.904571704932489,-2.18385665649667,0.0289727828286601,0.98778919566147
9.41598648362233,-1.84316762701707,1.01922047241852,-1.8084091488502,0.0705428450767781,0.98778919566147
4.44853062661494,-2.49696344770794,1.4090430519933,-1.7720987617629,0.0763781644654408,0.98778919566147
4.94722699671027,-1.75716621691498,1.28056032762063,-1.37218542462573,0.170005721612231,0.98778919566147
5.12442029211893,-1.72554872436121,1.2297456030625,-1.40317535599557,0.160564554479161,0.98778919566147
4.74172938216231,-1.90325367022862,1.27058347540592,-1.49793674092965,0.13414968676154,0.98778919566147
3.85523679514664,-1.9295706089946,1.38769345916802,-1.39048764426076,0.164380848698799,0.98778919566147
4.49393651318141,-2.9003092772719,1.62341775781001,-1.78654524586722,0.0740110181202086,0.98778919566147
4.32862933266821,-1.90315775022533,1.57690352527548,-1.20689548835453,0.227472395410056,0.98778919566147
2.86754740699826,-2.11903247494567,1.83047692496228,-1.15763954521816,0.247011164251921,0.98778919566147
4.72483918682492,-1.77564064195117,1.45178626269236,-1.22307304289973,0.221302109246658,0.98778919566147
3.13739645603153,3.27220448052208,1.65505154083009,1.977101256243,0.0480301858195455,0.98778919566147
3.71046595809696,2.49607950871016,1.4579965317359,1.71199276155912,0.0868980024161526,0.98778919566147
3.11560615577988,1.76854318790795,1.50376480231803,1.17607699367732,0.239564110411787,0.98778919566147
4.5025136938369,1.63451241419847,1.29529275895603,1.26188647539097,0.206989639281503,0.98778919566147
5.77582306321909,1.57757076045936,1.137850084739,1.38644869092857,0.165609937317126,0.98778919566147
5.41700398984551,1.91486767385763,1.14840417323558,1.6674161575559,0.0954316832356332,0.98778919566147
4.6727436672988,1.68859508426999,1.16781840849511,1.4459397728162,0.148194095130834,0.98778919566147
4.19137418728378,1.91739062600128,1.34998857158101,1.42030137614852,0.155519960712155,0.98778919566147
3.96461388462788,2.30857194227369,1.48007911823347,1.55976252474196,0.118816010453547,0.98778919566147
4.22755567996571,1.82767373175603,1.30623544304551,1.39919165529208,0.16175551827093,0.98778919566147
3.5268951860895,2.38612228756958,1.61298315016511,1.47932251327321,0.139054138620703,0.98778919566147
2.53304611179361,2.94061188123232,1.96126609260954,1.49934365984971,0.133784501440232,0.98778919566147
4.25309751062993,1.8019099770698,1.40596922957079,1.2816140916682,0.199978054418493,0.98778919566147
3.9694763241427,2.13031177186374,1.33022822728001,1.60146336408731,0.109274328133844,0.98778919566147
4.14789625133392,2.2604709089359,1.40349267120257,1.61060399909252,0.107266061636653,0.98778919566147
5.19813133957188,-1.81327544464238,1.163742631704,-1.55814128935649,0.119199758804225,0.98778919566147
3.42721405081704,-1.61726774144037,1.43619982050465,-1.12607432360777,0.260134061194992,0.98778919566147
4.81324080155477,-1.80047653225569,1.32649794083746,-1.35731573855214,0.17468090863844,0.98778919566147
5.74940394095107,-2.54779172406107,1.1471903170554,-2.22089716604366,0.0263579272305028,0.98778919566147
4.26920738660373,-1.55986359766547,1.23730147638781,-1.2606980816182,0.207417645395184,0.98778919566147
3.0122409895585,-1.91344544138809,1.54090046388225,-1.24177095551469,0.214321081789147,0.98778919566147
4.89760782790509,-2.04219835642042,1.16287822007068,-1.75615840177684,0.079061365343344,0.98778919566147
2.61788418872127,-2.87624227838443,1.72396189938383,-1.66839086142939,0.0952381612039586,0.98778919566147
5.94783784877765,-2.35286912125761,1.08822590216339,-2.16211460927378,0.0306093432208453,0.98778919566147
3.22504128453584,-1.72412025540457,1.61995040104125,-1.06430434801977,0.287190848932439,0.98778919566147
5.31649297273021,-1.51606668775413,1.2127792511323,-1.25007637320532,0.211271649673206,0.98778919566147
6.42759700557234,-2.31916644590381,1.29728938924739,-1.78770169950226,0.0738241474066495,0.98778919566147
3.28027486809508,-1.69738197192997,1.50372405791641,-1.12878553947051,0.258988314227985,0.98778919566147
5.52410487505017,-1.92681787870328,1.17802329689725,-1.63563648000703,0.101915690746953,0.98778919566147
3.75438085429287,-1.54755058370097,1.44186683160828,-1.07329647216783,0.283138117554405,0.98778919566147
4.77974330656528,-1.82780123737386,1.26310468907251,-1.44707026518602,0.147877245008191,0.98778919566147
4.33523511070383,-2.10748150224205,1.34752726223331,-1.56396205205469,0.117826480481699,0.98778919566147
6.38742955908047,-1.8256203702558,1.14455106369163,-1.59505366616624,0.110700235431643,0.98778919566147
3.8496581071375,-2.84386167082117,1.45347279073343,-1.95659780420529,0.0503947733899156,0.98778919566147
4.29716137809026,-1.51014662723335,1.36087525244567,-1.109687772277,0.267133593823149,0.98778919566147
4.12708194518527,-1.72385524037468,1.31335964905781,-1.31255383215964,0.189333335214075,0.98778919566147
2.38752519502987,-2.70460910682019,1.95831018077598,-1.38109331880636,0.167250269604727,0.98778919566147
2.88753570177412,1.93244559076272,1.71230239512402,1.12856560632373,0.259081126418585,0.98778919566147
2.86090132901128,1.54583170800642,1.53460116972888,1.00731821303089,0.313781880171542,0.98778919566147
6.28948288641195,1.85688703767696,1.14659855318683,1.61947442940336,0.105345223929365,0.98778919566147
5.93872805128174,1.52777913769574,1.3631397613472,1.1207795275415,0.262381720551771,0.98778919566147
5.429072140657,2.21461019185996,1.31365310451618,1.68584094556347,0.0918264388965859,0.98778919566147
5.71496099951659,2.1748292982435,1.17684604064609,1.84801513802903,0.0646001529411857,0.98778919566147
3.64205818435747,2.31309323977069,1.47950446161831,1.56342430846108,0.117952826249638,0.98778919566147
33.8953126379814,1.80468380334632,0.593912470397086,3.03863598307629,0.00237651822728261,0.98778919566147
4.24831422194688,2.29905736146456,1.39045584301203,1.65345585983105,0.0982381223753992,0.98778919566147
24.5804694084344,1.58056888438534,0.577335025116887,2.73769789744756,0.0061870882486056,0.98778919566147
6.85990853695468,3.36980593049097,1.17397947116868,2.87041299549844,0.0040993599258454,0.98778919566147
2.85078085798152,1.76649636104781,1.72630697202374,1.02328055767333,0.306175213607109,0.98778919566147
1.99238376602974,1.89798384041153,1.94479135800805,0.975931856441163,0.329098234256215,0.98778919566147
4.33372233659175,1.95324575755317,1.31109789349666,1.48977873219209,0.136282424987169,0.98778919566147
6.79585172589089,1.96381494500622,1.17817146234306,1.66683289128454,0.0955476380276176,0.98778919566147
2.25347250804809,2.01669615683486,1.9250055532136,1.0476313449944,0.29480849006927,0.98778919566147
4.11955542746721,1.59606092419428,1.33578014768867,1.19485300553087,0.232144466555445,0.98778919566147
7.19266647459717,2.14494808737736,1.07219112139885,2.00052774600384,0.0454433069294613,0.98778919566147
5.9269044394341,-2.07760514332608,1.05870947350165,-1.96239402340895,0.0497166280525991,0.98778919566147
4.25925559347964,-2.51595161498234,1.53989172365944,-1.63384968977128,0.102290415782258,0.98778919566147
2.44571764237257,-2.11660674196749,1.80996065963923,-1.16942140741853,0.242233888984414,0.98778919566147
3.29259981439493,-3.2449027007631,1.62472532706485,-1.99720078631702,0.0458033756885,0.98778919566147
2.75361643257066,-1.7468802427327,1.71830670998553,-1.0166288896977,0.309330005551513,0.98778919566147
2.59391542723085,-1.99117695105692,1.67161772884246,-1.19116764359501,0.233587779041121,0.98778919566147
37.3670343741356,1.08777453192193,0.485398691355242,2.24099189242732,0.0250266001828764,0.98778919566147
2.92212163562982,-3.05497061619496,1.8123287448332,-1.6856603002653,0.0918612475667549,0.98778919566147
3.00639009792669,-2.40664389157852,1.66191494018845,-1.4481149626741,0.147584901605872,0.98778919566147
3.30582222816688,-1.679062061203,1.47449193949914,-1.1387393964143,0.254811865631368,0.98778919566147
4.5705905381845,-2.21188895342426,1.32445428735836,-1.67003797302502,0.094911850845359,0.98778919566147
3.58738105878518,-2.04809915453343,1.4461470110771,-1.4162454707893,0.156703646975776,0.98778919566147
3.01204345357808,-3.07487745060366,1.70788007307954,-1.8004059530124,0.0717965615321932,0.98778919566147
4.17892700142204,-2.29127721985971,1.37565115906207,-1.6655946565857,0.0957941761422827,0.98778919566147
3.96669969428223,-2.36393322443105,1.54388949828904,-1.53115441684835,0.125731233496037,0.98778919566147
3.12332711661574,-1.50001183717348,1.62972398502105,-0.920408517614171,0.357359319233628,0.98778919566147
7.13033771903812,-2.85377120597312,1.35144155784784,-2.11164973387211,0.0347165034166371,0.98778919566147
8.49167400061214,-2.03148755293959,1.0881838923612,-1.86686052532129,0.0619210676396027,0.98778919566147
3.57585248780087,-3.28219821707889,1.65267568786124,-1.98599050085044,0.0470343786816594,0.98778919566147
5.4166759076014,-1.61034206517688,1.17593248622752,-1.36941710858162,0.170868929334336,0.98778919566147
5.56024324315371,-1.68281205669471,1.16715715248251,-1.44180417616892,0.149357624436631,0.98778919566147
2.10600675940049,-1.62002734910837,1.96520162361057,-0.824356813898805,0.409736845611738,0.98778919566147
3.36377959206308,-1.73048151658532,1.51927825095101,-1.1390155262883,0.254696678385947,0.98778919566147
5.12835772929265,-1.99917702952012,1.2129602593116,-1.64818015608749,0.0993157076509929,0.98778919566147
4.30990094344298,-1.7194077053457,1.30628545836643,-1.31625725015411,0.188087714121082,0.98778919566147
3.42213204733651,-2.04940082865064,1.47377422395501,-1.39057991063982,0.164352851726489,0.98778919566147
5.35508667393918,-1.57430418881991,1.25678493164678,-1.25264406755504,0.21033526980404,0.98778919566147
5.33534692713916,1.73914937990824,1.08667216783476,1.60043611255229,0.109501869212094,0.98778919566147
3.56096239062437,1.76836326366665,1.59834025487724,1.10637472732767,0.268564359611161,0.98778919566147
2.86236978202467,3.12940697111703,1.82155760909771,1.71798407883853,0.0857995193349074,0.98778919566147
7.60010431651482,1.50907787376929,1.00047512589375,1.5083612123002,0.131462104543919,0.98778919566147
4.89354461960571,1.69744917257266,1.19787896663099,1.41704564472545,0.156469582765577,0.98778919566147
4.62098376977542,2.30709987606598,1.24440563394305,1.85397736327797,0.0637423986065077,0.98778919566147
5.98048051782397,3.16242818086445,1.24611138493442,2.53783748314833,0.0111539767326713,0.98778919566147
3.52763253117692,3.44276566493718,1.75290152769888,1.96403825915803,0.0495256552305092,0.98778919566147
3.3427495379042,2.69768164707426,1.53121074516367,1.76179644480349,0.0781036956448248,0.98778919566147
5.42296061060502,2.3117704581719,1.15165004244963,2.00735498889457,0.0447118778986465,0.98778919566147
7.9823083088251,2.02281202668111,0.955936176464445,2.11605343168676,0.0343402634788658,0.98778919566147
13.0047224140736,1.50100117919596,0.73491604280095,2.04241177465016,0.0411107027447266,0.98778919566147
3.15688141851138,2.22893794145136,1.63881593861376,1.36009047076804,0.173801296218808,0.98778919566147
2.81295725330059,2.48332180430325,1.65608708111596,1.49951160939547,0.133740959237542,0.98778919566147
4.35720345053311,1.95208482963946,1.29679289957799,1.50531733345758,0.132242510902737,0.98778919566147
3.31009331284055,-2.53316858315415,1.6046076125494,-1.5786841364472,0.114408525250415,0.98778919566147
105.378006252121,1.36738656131305,0.387382350784499,3.5298112021467,0.000415856308375669,0.511607223379167
2.08611875938231,-1.75185596222253,1.88821440373496,-0.927784450090673,0.353519391710329,0.98778919566147
3.67448549711095,-1.61076058118934,1.51013212566466,-1.06663553063636,0.286136449568263,0.98778919566147
4.42025559594468,-2.07765513579307,1.30469416504297,-1.59244610074933,0.111284504735158,0.98778919566147
4.34366403814115,-1.90477776376893,1.38732418383958,-1.37298677984351,0.169756456588286,0.98778919566147
4.4915098562006,-2.00043854806403,1.3261308722911,-1.50847747372622,0.13143236773848,0.98778919566147
2.55961525301516,-2.71724580159299,1.75468773262764,-1.54856374217874,0.12148662761842,0.98778919566147
5.96395768245578,-1.53915984487428,1.11752249279525,-1.37729652404972,0.168420589468525,0.98778919566147
7.54298061782895,-1.84991046112957,1.02658280303657,-1.80200803642691,0.0715441411795906,0.98778919566147
5.13793245082995,-2.11626752506937,1.19979738650941,-1.76385408808587,0.0777565483646859,0.98778919566147
7.71202271535115,-1.87735335118862,0.994514208228448,-1.88770892930006,0.0590650369659729,0.98778919566147
4.04847345528642,-1.89640694468562,1.33682586259041,-1.41858935988184,0.156018769710246,0.98778919566147
3.51685237704766,-1.53947381105157,1.58222189651096,-0.972982243796739,0.330562127090983,0.98778919566147
2.87844998683991,-1.71820158404199,1.71185657584493,-1.00370650689233,0.315520099779558,0.98778919566147
111.963235957748,1.68010522749719,0.381185636094602,4.4075774856328,1.04533209329317e-05,0.0514407923109568
12.973184819446,-2.05068073020359,0.982698179333488,-2.08678592606578,0.0369074898986528,0.98778919566147
4.42481199305716,-2.11858268923117,1.27556478039943,-1.66089776214091,0.096733981800594,0.98778919566147
7.72161969763297,-2.18475727613142,1.1677691615137,-1.87088111943243,0.0613615605435817,0.98778919566147
2.87744212498062,-1.62285401766923,1.77895076241458,-0.91225347657544,0.361635298837888,0.98778919566147
16.3954196618498,-1.48528880056168,0.734954938798432,-2.0209249875781,0.0432875308014334,0.98778919566147
4.30889865869601,-1.71137336699495,1.5639696824819,-1.09424970711653,0.273845476218161,0.98778919566147
4.69312547304989,-1.72825566315352,1.29943110504772,-1.33000946063243,0.183515154236384,0.98778919566147
3.81234134232455,2.02402377769271,1.58911940542203,1.27367633343775,0.202778147218877,0.98778919566147
3.0866106452295,1.93052877624175,1.68590017195112,1.14510266287446,0.2521666325548,0.98778919566147
3.50548304786805,1.51289889943149,1.46588026204697,1.03207536017905,0.302036815603766,0.98778919566147
4.88535198399164,2.19008650704956,1.2497049976015,1.75248279494193,0.079690825752604,0.98778919566147
2.60543439958047,1.82899098110821,1.75629373774457,1.0413924173396,0.297693460288901,0.98778919566147
3.0935187127557,1.81659497635537,1.52397048763487,1.19201453774517,0.233255544983697,0.98778919566147
2.99739130678731,2.38346229042253,1.60878579860933,1.4815286736636,0.13846574989728,0.98778919566147
4.39311867997782,2.36884942852769,1.31559152455112,1.80059644982583,0.0717665091530824,0.98778919566147
7.87496438215637,1.63003258700322,1.01985605420363,1.59829672068384,0.109976956889581,0.98778919566147
2.72379869868655,2.95682797318874,1.82620383269986,1.61911168963946,0.105423234108761,0.98778919566147
4.04352181649448,1.8779177270368,1.54377015919576,1.21644903928906,0.223813912700574,0.98778919566147
13.8146934739569,2.01971176697079,0.740209342098954,2.72856832804035,0.00636099106571143,0.98778919566147
3.65630113542606,1.82555275254082,1.61508092197611,1.1303165851945,0.258342848487986,0.98778919566147
3.35732355718548,-1.73535778572032,1.48028116873736,-1.17231632906641,0.241070078095438,0.98778919566147
4.46328202542472,-2.54164578372491,1.31923123036456,-1.92661129089746,0.0540280904784935,0.98778919566147
3.96958206970228,-1.70077554701719,1.51674338921274,-1.12133374644208,0.262145826116899,0.98778919566147
2.35424173459852,-1.8359394755631,1.86361252430048,-0.985150857071121,0.324549975472294,0.98778919566147
3.59954781787546,-1.79315267605048,1.44387597050162,-1.2419021527365,0.214272665740845,0.98778919566147
7.57987824107185,-2.2764816742761,1.13166183293375,-2.01162715576834,0.0442592545974214,0.98778919566147
2.93558860022209,-1.54242045009372,1.54482009774802,-0.998446649122577,0.318062822588071,0.98778919566147
5.79107381658575,-2.21382458888477,1.14866662667896,-1.92729947703401,0.0539423187434652,0.98778919566147
2.52009138668708,-2.15878119225098,1.88317336809093,-1.14635286842414,0.251649175845688,0.98778919566147
4.87958070980918,-2.20267414230655,1.27216974547698,-1.73143100607277,0.0833749204746831,0.98778919566147
3.63700561964819,-1.58025126370909,1.57365398298144,-1.00419233249431,0.315285917181508,0.98778919566147
6.43379483857473,-1.75559521485315,1.2840401828538,-1.3672432049216,0.171549087156236,0.98778919566147
3.62779790939586,-1.67085039381897,1.60278682954101,-1.04246576214845,0.29719579109913,0.98778919566147
2.64718151028819,-2.14951971724002,1.86786934105229,-1.1507869795802,0.249819882662397,0.98778919566147
10.2484702504354,-2.06289511135406,1.03888922263386,-1.98567380083516,0.0470695559115706,0.98778919566147
4.96824392562113,-2.21415148600247,1.30921092194369,-1.6912106742245,0.0907965730532744,0.98778919566147
4.98009911290149,-1.96607026371186,1.26432531399429,-1.55503511790062,0.119937705803451,0.98778919566147
3.75346718775149,-1.548127759598,1.49423390519079,-1.03606788349534,0.300170474145792,0.98778919566147
6.5469982287083,-2.69995707482624,1.18776020160358,-2.27314997689016,0.023017143593379,0.98778919566147
3.7682068512651,2.51675524002662,1.42618662893552,1.76467454466676,0.0776184791094436,0.98778919566147
3.79290945027097,1.51488738376108,1.37764340885395,1.09962227817814,0.271496731125966,0.98778919566147
